Tipologia,STATO PDV,Rag. Sociale,Codice Agenzia,Codici FR,Indirizzo,Comune,CAP,Provincia,Regione,Sede Operativa SUP,Area,Latitudine,Longitudine
ESE,Aperto,ACD Energy S.r.l.,AG129,FR01724,Corso Torino 119,Rivarolo Canavese,10086,TO,Piemonte,AG129 - RIVAROLO CANAVESE,NORD,45.3320235,7.7230498
ESE,Aperto,ACD Energy S.r.l.,AG129,FR01725,Corso Francia 30/B,Rivoli,10098,TO,Piemonte,AG129 - RIVOLI E ALPIGNANO,NORD,45.0711284,7.5341829
ESE,Aperto,ACD Energy S.r.l.,AG129,FR01760,Via Italia 88,Settimo Torinese,10036,TO,Piemonte,AG129 - SETTIMO TORINESE,NORD,45.1365293,7.768899
ESE,Aperto,ACD Energy S.r.l.,AG129,FR03640,Via Alcide De Gasperi 62,Brugherio,20861,MI,Lombardia,AG129 - BRUGHERIO,NORD,45.5635592,9.2329314
ESE,Aperto,ACD Energy S.r.l.,AG129,FR01727,Corso Umbria 14/E,Torino,10100,TO,Piemonte,AG129 - TORINO SAN DONATO,NORD,45.0826192,7.6700258
ESE,Aperto,ACD Energy S.r.l.,AG129,FR03739,Via Trieste 6,San Donato Milanese,20097,MI,Lombardia,AG129 - SAN DONATO MILANESE,NORD,45.4131824,9.266864
WINDOWS,Aperto,ACD Energy S.r.l.,AG129,,Corso Regina Margherita 223,Torino,10146,TO,Piemonte,AG129-W-TORINO,NORD,45.0838774,7.6612576
ESE,Aperto,ALTO LAZIO GAS SRL,AG310,FR12004,Via XXIV MAGGIO 37,Passo Corese,02032,RI,Lazio,AG310 - PASSO CORESE,Centro Sud,42.1533183,12.65511
ESE,Aperto,ALTO LAZIO GAS SRL,AG310,FR12006,Via Papa Giovanni XXIII 4 B,Civita Castellana,01033,VT,Lazio,AG310 - CIVITA CASTELLANA,Centro Sud,42.2976616,12.4115376
ESE,Aperto,ALTO LAZIO GAS SRL,AG310,FR12011,Via Umberto Maddalena 44,Guidonia,00012,RM,Lazio,AG310 - GUIDONIA MONTECELIO,Centro Sud,41.9969832,12.7240979
ESE,Aperto,ALTO LAZIO GAS SRL,AG310,FR12033,Viale degli Ammiragli 83,ROMA,00136,RM,Lazio,AG310 - ROMA PRATI,Centro Sud,41.9064044,12.4439384
ESE,Aperto,ALTO LAZIO GAS SRL,AG310,FR12041,Via Paolessi 31 33,Rieti ,02100,RI,Lazio,AG310 - RIETI,Centro Sud,42.4082953,12.853462
ESE,Aperto,ALTO LAZIO GAS SRL,AG310,FR12075,V.le Somalia 37,ROMA,00199,RM,Lazio,AG310 - ROMA SALARIO,Centro Sud,41.9356073,12.5126153
ESE,Aperto,ALTO LAZIO GAS SRL,AG310,FR12551,Viale Carnaro 28,ROMA,00141,RM,Lazio,AG310 - MONTESACRO,Centro Sud,41.941188,12.5319773
ESE,Aperto,ALTO LAZIO GAS SRL,AG310,FR12552,Via Borgo Ticino 41/43,ROMA,00166,RM,Lazio,AG310 - CASALOTTI,Centro Sud,41.9174749,12.3728262
ESE,Aperto,ALTO LAZIO GAS SRL,AG310,FR12583,Via Francesco Caltagirone 319,ROMA,00132,RM,Lazio,AG310 - SETTECAMINI,Centro Sud,41.9096363,12.655188
ESE,Aperto,ALTO LAZIO GAS SRL,AG310,FR13776,Via Cappuccini 1/D,Sulmona,67039,AQ,Abruzzo,AG310 - SULMONA,Centro Sud,42.0537613,13.939421
ESE,Aperto,ALTO LAZIO GAS SRL,AG310,FR12583,Via Casilina 1890/N,ROMA,00132,RM,Lazio,,Centro Sud,41.8634074,12.6910566
ESE,Aperto,ALTO LAZIO GAS SRL,AG310,FR12041,Via Gramsci 11,Terni ,05100,TR,Umbria,,Centro Sud,42.5596945,12.6540233
ESE,Aperto,ALTO LAZIO GAS SRL,AG310,FR13958,Via Nazionale Adriatica 112,Roseto degli Abruzzi,64026,TE,Abruzzo,AG310 - ROSETO DEGLI ABRUZZI,Centro Sud,42.662175,14.0262921
ESE,Aperto,ALTO LAZIO GAS SRL,AG310,FR13957,Via Crispi 62,Avezzano,67051,AQ,Abruzzo,AG310 - AVEZZANO,Centro Sud,42.0336949,13.4221958
WINDOWS,Aperto,MAIN SOLUTION,AGA78,,via Trieste 191 ,MONTALTO UFFUGO,87046,CS,Calabria,AGA78-W-MONTALTO UFFUGO,Centro Sud,39.404795,16.15799
WINDOWS,Aperto,BLU ENERGY SYSTEM SRL,AG317,,via Cesare Battisti 27/C ,Treviglio,24047,BG,Lombardia,AG317-W-TREVIGLIO,NORD,45.5339851,9.5972901
ESE,Aperto,BLU ENERGY SYSTEM SRL,AG317,FR03010,Via Carmagnola 2,Chiari,25032,BS,Lombardia,AG317 - CHIARI,NORD,45.5372536,9.9296612
ESE,Aperto,BLU ENERGY SYSTEM SRL,AG317,FR03004,Largo Europa 4,Vimercate,20871,MB,Lombardia,AG317 - VIMERCATE,NORD,45.6103516,9.367938
WINDOWS,Aperto,MAIN SOLUTION,AGA78,,Corso della Repubblica 22/24 ,SIDERNO ,89048,RC,Calabria,AGA78-W-SIDERNO,Centro Sud,38.2649994,16.2940097
ESE,Aperto,BLUGAS SRL,AG349,FR09008,Via C. Maccari 117/119,Firenze,50142,FI,Toscana,AG349 - Q4 FIRENZE,NORD,43.7697955,11.2556404
ESE,Aperto,CONSORZIO SERVIZI GAS s.r.l.,AG367,FR19004,Via I Settembre 42/48,Messina,98122 ,ME,Sicilia,AG367 - MESSINA,Centro Sud,38.1904697,15.5560279
ESE,Aperto,CONSORZIO SERVIZI GAS s.r.l.,AG367,FR19016,Via Risorgimento 153,Milazzo,98057,ME,Sicilia,AG367 - MILAZZO,Centro Sud,38.2250398,15.2385903
WINDOWS,Aperto,MAIN SOLUTION,AGA78,,VIA DEI PUGLIESI 13,CORIGLIANO Calabro,87064,CS,Calabria,AGA78-W-CORIGLIANO CALABRO,Centro Sud,39.595173,16.5175366
ESE,Aperto,CUSTOM SALES,AG927,FR03989,Via Vittorio Veneto 61,Luino,21016,VA,Lombardia,AG927 - LUINO,NORD,46.0003389,8.7407608
ESE,Aperto,CUSTOM SALES,AG927,FR03925,Via Carlo Prina 7/9,Monza,20900,MB,Lombardia,AG927 - MONZA,NORD,45.5876758,9.266957
ESE,Aperto,CUSTOM SALES,AG927,FR03990,"Via XX Settembre 43, ang. Via Roma ",Pavia,27100,PV,Lombardia,AG927 - PAVIA,NORD,45.1860043,9.1546375
ESE,Aperto,CUSTOM SALES,AG927,FR08942,Via Genova 4/C,Piacenza,29122,PC,Emilia-Romagna,AG927 - Piacenza,NORD,45.0455513,9.684626
ESE,Aperto,CUSTOM SALES,AG927,FR03941,Via Madre Francesca Cabrini 39,Sant'Angelo Lodigiano,26866,LO,Lombardia,AG927 - SANT’ANGELO LODIGIANO,NORD,45.238067,9.408656
ESE,Aperto,D.G.S. SRL,AG333,FR19009,Via R. Livatino 176/178,Enna,94100,EN,Sicilia,AG333 - ENNA E AGIRA,Centro Sud,37.5667573,14.2807473
ESE,Aperto,D.G.S. SRL,AG333,FR19009,Via Nino Bixio 33/35,Piazza Armerina,94015,EN,Sicilia,AG333 - ENNA E AGIRA,Centro Sud,37.39156,14.3709019
WINDOWS,Aperto,EASY LIFE,AGA12,,Via Mazzini 3,MONTEROTONDO,00015,RM,Lazio,AGA12 - MONTEROTONDO,Centro Sud,42.0533918,12.6273546
WINDOWS,Aperto,EASY LIFE,AGA12,,Via Augusto Terenzi 31/33/35 ,ROMA,00169,RM,Lazio,AGA12-W-ROMA TORRE SPACCATA,Centro Sud,41.8688678,12.5702335
ESE,Aperto,EASY LIFE,AGA12,FR12A13,Via Flaminia 12 ,Castelnuovo di Porto,00060,RM,Lazio,AGA12 - CASTELNUOVO DI PORTO,Centro Sud,42.1263165,12.4932877
WINDOWS,Aperto,EASY LIFE,AGA12,,Via Roma 13,Fiano Romano,00065,Rm,Lazio,AGA12-W-FIANO ROMANO,Centro Sud,42.1718884,12.5923587
WINDOWS,Aperto,GREEN ADVISOR,AG870,,Largo Antonio Beltramelli 31,Roma,00057,RM,Lazio,AG870 - ROMA,Centro Sud,41.9101724,12.5378475
ESE,Aperto,G.R. SERVIZI SRL,AG307,FR02001,Via Chambery 145/47,Aosta,11100,AO,Valle D'Aosta,AG307 - SD_GR SERVIZI_AOSTA,NORD,45.7373075,7.3204025
ESE,Aperto,G.R. SERVIZI SRL,AG307,FR01A34,Via F.lli Rosselli 104 ,Biella,13900,BI,Piemonte,AG307 - BIELLA,NORD,45.5664109,8.0542758
WINDOWS,Aperto,ENER.GAS SRL,AG352,,Via Borgognissanti 103 ,Firenze,50123,FI,Toscana,AG352-W-FIRENZE,NORD,43.7697955,11.2556404
ESE,Aperto,ENER.GAS SRL,AG352,FR09020,Via Chiarugi 16/18,Empoli,50053,FI,Toscana,AG352 - EMPOLI,NORD,43.7198454,10.9419118
ESE,Aperto,ENER.GAS SRL,AG352,FR09012,Via Benedetto Dei 78/80,Firenze,50127,FI,Toscana,AG352 - Q5 FIRENZE SESTO,NORD,43.797385,11.2336777
ESE,Aperto,ENERGIA GIUSTA S.r.l. UNIPERSONALE,AG707,FR04730 ,Largo Salvo D’Acquisto 24 ,Bussolengo,37012,VR,Veneto,AG707 - SD_MG_BUSSOLENGO,NORD,45.4674202,10.8503695
ESE,Aperto,ENERGIA GIUSTA S.r.l. UNIPERSONALE,AG707,FR04906,Via Valsugana 102,Cassola ,36022,VI,Veneto,AG707 - Bassano del Grappa,NORD,45.7457544,11.7526079
ESE,Aperto,G.R. SERVIZI SRL,AG307,FR01523,Via Renzo Cattaneo 2,Collegno,10093,TO,Piemonte,AG307 - COLLEGNO,NORD,45.0723732,7.5844966
ESE,Aperto,MAIN SOLUTION,AGA78,FR18A79,Via Argine Destro Annunziata 11 D/E/F,Reggio Calabria,89121,RC,Calabria,AGA78 - REGGIO CALABRIA,Centro Sud,38.1035389,15.6397556
ESE,Aperto,ENERGIA GIUSTA S.r.l. UNIPERSONALE,AG707,FR03846,Via Monte Grappa 32,Desenzano Del Garda,25015,BS,Lombardia,AG707 - DESENZANO DEL GARDA,NORD,45.4685565,10.5378724
ESE,Aperto,G.R. SERVIZI SRL,AG307,FR01046,Via Stradella 226,Torino,10147,TO,Piemonte,AG307 - SD_GR SERVIZI_TO_VALLE,NORD,45.1035525,7.6655014
WINDOWS,Aperto,ENERGIA GIUSTA S.r.l. UNIPERSONALE,AG707,FR12A64,via di Gabriello Chiabrera 44 ,Roma,00124,RM,Lazio,AG707-W-ROMA SAN PAOLO,NORD,41.8933203,12.4829321
WINDOWS,Aperto,ENERGIA GIUSTA S.r.l. UNIPERSONALE,AG707,FR12A67,via Aldo Moro 327,Frosinone,03100,FR,Lazio,AG707-W-FROSINONE,NORD,41.6408007,13.3439085
ESE,Aperto,G.R. SERVIZI SRL,AG307,FR01746,Via Nizza 378,Torino,10127,TO,Piemonte,AG307 - SD_GR TORINO MIRAFIORI,NORD,45.0191161,7.6619536
WINDOWS,Aperto,ENERGIA GIUSTA S.r.l. UNIPERSONALE,AG707,FR12A68,via Volta 15,Aprilia,04011,LT,Lazio,AG707-W-APRILIA,NORD,41.5972497,12.6501138
WINDOWS,Aperto,ENERGIA GIUSTA S.r.l. UNIPERSONALE,AG707,FR12A65,Viale caduti nella guerra di liberazione 402,Roma,00128,RM,Lazio,AG707-W-ROMA LIBERAZIONE,NORD,41.8933203,12.4829321
WINDOWS,Aperto,SMART LINE SERVICE SRL,AG127,FR14B97,Via Stamira 4C ,Roma,00162,RM,Lazio,AG127-W-P.ZA BOLOGNA RM,Centro Sud,41.9133281,12.52333
ESE,Aperto,ENERGIA GIUSTA S.r.l. UNIPERSONALE,AG707,FR06920,Piazza della Vittoria 10,Gorizia,34170,GO,Friuli Venezia Giulia,AG707 - GORIZIA,NORD,45.9459165,13.62535
ESE,Aperto,ENERGIA GIUSTA S.r.l. UNIPERSONALE,AG707,FR04810,Via Roma Destra 77 ,Jesolo,30016,VE,Veneto,AG707 - JESOLO,NORD,45.5057113,12.6282373
ESE,Aperto,ENERGIA GIUSTA S.r.l. UNIPERSONALE,AG707,FR06A70,Piazza Garibaldi 18,Latisana,33053,UD,Friuli Venezia Giulia,AG707 - LATISANA,NORD,45.7756418,12.9960458
ESE,Aperto,ENERGIA ITALIA SPA,AG267,FR19022,Via Caporal Maggiore Magrì 31,Canicattì,92024,AG,Sicilia,AG267 - AGRIGENTO,Centro Sud,37.3574496,13.8496385
ESE,Aperto,ENERGIA ITALIA SPA,AG267,FR03576,Via Cooperazione 43,Cusano Milanino,20095,MI,Lombardia,AG267 - CUSANO,Centro Sud,45.552138,9.1836966
ESE,Aperto,ENERGIA ITALIA SPA,AG267,FR19759,Via Giovanni Matera 15,Trapani,91100,TP,Sicilia,AG267 - SEDE_TRAPANI,Centro Sud,37.9003731,12.7116255
ESE,Aperto,ENERGIA ITALIA SPA,AG267,FR19834,Via Archimede 317\319,Ragusa,97100,RG,Sicilia,AG267 - RAGUSA,Centro Sud,36.9267809,14.7172947
ESE,Aperto,ENERGIA ITALIA SPA,AG267,FR09864,Via Aretina 5A/R,Firenze,50136,FI,Toscana,AG267 - FIRENZE Q2,Centro Sud,43.7695249,11.2826092
ESE,Aperto,ENERGIA ITALIA SPA,AG267,FR19A04,Via Francesco Paolo Di Blasi 35/39,Palermo,90144,PA,Sicilia,AG267 - PALERMO,Centro Sud,38.1391544,13.3435028
FLAGSHIP,Aperto,ENI PLENITUDE,AG611,,c.so Buenos aires 3 angolo panfilo Castaldi 41,Milano,20124,MI,Lombardia,AG611 - FLAGSHIP_MILANO,,45.4641943,9.1896346
FLAGSHIP,Aperto,ENI PLENITUDE,AG613,,C.so del Popolo 67,Treviso,31100,TV,Veneto,AG613 - FLAGSHIP_TREVISO,,45.6643072,12.245421
FLAGSHIP,Aperto,ENI PLENITUDE,AG615,,C.so Garibaldi 9,Padova,35122,PD,Veneto,AG615 - FLAGSHIP_PADOVA,,45.4100281,11.8780766
FLAGSHIP,Aperto,ENI PLENITUDE,AG617,,Via Ugo Bassi 25/E,Bologna,40121,BO,Emilia-Romagna,AG617 - FLAGSHIP_BOLOGNA,,44.4950204,11.3417972
FLAGSHIP,Aperto,ENI PLENITUDE,AG619,,C.so Palladio 2-4,Vicenza,36100,VI,Veneto,AG619 - FLAGSHIP_VICENZA,,45.546277,11.5566829
FLAGSHIP,Aperto,ENI PLENITUDE,AG784,,Strada della Repubblica 6,Parma,43121,PR,Emilia-Romagna,AG784 - FLAGSHIP_PARMA,,44.8012333,10.3293379
FLAGSHIP,Aperto,ENI PLENITUDE,AG815,,via San Vincenzo 106,Genova,16121,GE,Liguria,AG815 - FLAGSHIP_GENOVA,,44.406988,8.9422952
FLAGSHIP,Aperto,ENI PLENITUDE,AG817,,"Via Einaidi 5, CC Elnos",Roncadelle,25121,BS,Lombardia,AG817 - FLAGSHIP_BRESCIA,,45.5341255,10.1422742
FLAGSHIP,Aperto,ENI PLENITUDE,AG833,,Corso Porta Borsari 53,Verona,37121,VR,Veneto,AG833 - FLAGSHIP_VERONA,,45.4420491,10.9937382
FLAGSHIP,Aperto,ENI PLENITUDE,AG831,,corso di porta romana 67,Milano,20122,MI,Lombardia,AG831 - FLAGSHIP_MILANO,,45.4564348,9.1954315
FLAGSHIP,Aperto,ENI PLENITUDE,AG882,,Via Gelso Bianco - Centro Commerciale «le porte di Catania»,Catania,95121,CT,Sicilia,AG882 - FLAGSHIP_CATANIA,,37.5023612,15.0873718
FLAGSHIP,Aperto,ENI PLENITUDE,AG910,,Via Giuseppe Garibaldi 22,Torino,10122,TO,Piemonte,AG910 - FLAGSHIP_TORINO,,45.0737156,7.6782475
FLAGSHIP,Aperto,ENI PLENITUDE,AG911,,Via Emilia Santo Stefano 1/d,Reggio Emilia,42121,RE,Emilia-Romagna,AG911 - FLAGSHIP_REGGIO EMILIA,,44.6987267,10.6305948
FLAGSHIP,Aperto,ENI PLENITUDE,AG940,,Via Tiraboschi 46,Bergamo,24122,BG,Lombardia,AG940 - FLAGSHIP_BERGAMO,,45.6932899,9.6680785
FLAGSHIP,Aperto,ENI PLENITUDE-ENERGIA GIUSTA,AGA51,,Largo della Barriera Vecchia 4,Trieste,34129,TS,Friuli Venezia Giulia,AGA51 - FLAGSHIP_TRIESTE IBRIDO,,45.6483633,13.7794135
FLAGSHIP,Aperto,ENI PLENITUDE-ASSIST,AGC10,,Viale Europa n.67,Roma,00144,RM,Lazio,AGC10 - FLAGSHIP_RM_EU_IBRIDO,,41.8933203,12.4829321
ESE,Aperto,G.A.S SOLAR TECHNOLOGIE SRL,AG929,FR16930,Via Appia 125,Brindisi,72100,BR,Puglia,AG929 - BRINDISI,Centro Sud,40.6364605,17.9390993
WINDOWS,Aperto,G.A.S SOLAR TECHNOLOGIE SRL,AG929,,Via Lamarmora 17,Lecce,73050,LE,Puglia,AG929-W-LECCE,Centro Sud,39.8970113,18.100411
ESE,Aperto,G.A.S SOLAR TECHNOLOGIE SRL,AG929,FR16A73,Viale Liguria 109,Taranto,74121,TA,Puglia,AG929 - TARANTO,Centro Sud,40.4585678,17.2576419
ESE,Aperto,ENERGIA GIUSTA S.r.l. UNIPERSONALE,AG707,FR04809,Riviera XX Settembre 50/52 angolo via N. Sauro 19,Mestre,30171,VE,Veneto,AG707 - MESTRE,NORD,45.4943063,12.2418053
ESE,Aperto,ENERGIA GIUSTA S.r.l. UNIPERSONALE,AG707,FR04852,Via Montegrappa 23,Montebelluna,31044,TV,Veneto,AG707 - MONTEBELLUNA,NORD,45.7679035,12.0459826
ESE,Aperto,ENERGIA GIUSTA S.r.l. UNIPERSONALE,AG707,FR03977,Via Falcone 12,Montichiari,25018,BS,Lombardia,AG707 - MONTICHIARI,NORD,45.4105823,10.4060298
ESE,Aperto,ENERGIA GIUSTA S.r.l. UNIPERSONALE,AG707,FR06919,Piazza Risorgimento 19,Pordenone,33170,PN,Friuli Venezia Giulia,AG707 - PORDENONE,NORD,45.9589432,12.663512
ESE,Aperto,ENERGIA GIUSTA S.r.l. UNIPERSONALE,AG707,FR04996,Via Vittorio Emanuele 61,Quinto di Treviso ,31055,TV,Veneto,AG707 - QUINTO DI TREVISO,NORD,45.6448523,12.1660898
ESE,Aperto,ENERGIA GIUSTA S.r.l. UNIPERSONALE,AG707,FR12943,Via Amedeo Bocchi 178,Roma ,00125,RM,Lazio,AG707 - Roma Acilia,NORD,41.7740122,12.3517316
ESE,Aperto,G.M.G.3 SRL,AG351,FR09039,Via  Roma 171/173,Bagno a Ripoli,50022,FI,Toscana,AG351 - GREVE IN CHIANTI,NORD,43.7292448,11.3469496
ESE,Aperto,G.M.G.3 SRL,AG351,FR09956,Via Cucchiari 2e/f,Carrara,54033,MS,Toscana,AG351 - CARRARA,NORD,44.0796519,10.0977529
ESE,Aperto,G.R. SERVIZI SRL,AG307,FR01703,Corso Matteotti 3 B/C,Venaria Reale,10078,TO,Piemonte,AG307 - SEDE_VENARIA_REALE_TO,NORD,45.1289356,7.6262275
WINDOWS,Aperto,G.M.G.3 SRL,AG351,,Via Oberdan 57,Pietrasanta,55047,Lu,Toscana,AG351-W-PIETRASANTA,NORD,43.9579841,10.2290369
MALL,Aperto,QITALIA,AG660,,VIA SAN QUIRICO 165 ,CAMPI BISENZIO,50013,FI,Toscana,AG660 - GIGLI FIRENZE,NORD,43.8462835,11.1421341
ESE,Aperto,G.M.G.3 SRL,AG351,FR09038,Via Empolese 65,Pieve a Nievole,51018,PT,Toscana,AG351 - MONTECATINI,NORD,43.8744244,10.8028341
ESE,Aperto,G.M.G.3 SRL,AG351,FR09040,Viale Adua 389/b,Pistoia,51100,PT,Toscana,AG351 - PISTOIA,NORD,43.9419703,10.9006718
ESE,Aperto,G.M.G.3 SRL,AG351,FR09877,Via Mazzini 245,Viareggio,55049,LU,Toscana,AG351 - VIAREGGIO,NORD,43.8265049,10.2886621
MALL,Aperto,QITALIA,AG660,,VIA DELLA VALTIERA 181 ,COLLESTRADA,06135,PG,Umbria,AG660 - PERUGIA,NORD,43.0888901,12.4699288
MALL,Aperto,QITALIA,AG660,,VIA ENRICO FERMI 1,CURNO,24035,BG,Lombardia,AG660 - Curno,NORD,45.68327,9.617215
MALL,Aperto,QITALIA,AG660,,VIA RAFFAELLO SANZIO 199 ,EMPOLI,50053,FI,Toscana,AG660 - EMPOLI,NORD,43.7137137,10.9236431
ESE,Aperto,GASCONTROL SRL,AG340,FR16002,Via Bisceglie 8,Andria,76123,BT,Puglia,AG340 - ANDRIA ASCOLI SATRIANO,Centro Sud,41.2258463,16.3078269
ESE,Aperto,GASCONTROL SRL,AG340,FR16014,Via Torino 22/24,Barletta,76121,BT,Puglia,AG340 - BARLETTA E M.DI SAVOIA,Centro Sud,41.3156804,16.2767141
ESE,Aperto,GASCONTROL SRL,AG340,FR16006,Piazza Aldo Moro 7,Molfetta,70056,BA,Puglia,AG340 - MOLFETTA E BISCEGLIE,Centro Sud,41.1963679,16.5970068
ESE,Aperto,GASCONTROL SRL,AG340,FR16763,Viale Armando Diaz 31,Corato,70033,BA,Puglia,AG340 - RUVO E CORATO,Centro Sud,41.1535877,16.4167417
ESE,Aperto,GASCONTROL SRL,AG340,FR16766,Via Matteo Renato Imbriani 108,Canosa di Puglia,70012,BT,Puglia,AG340 - CANOSA DI PUGLIA,Centro Sud,41.2214317,16.0661639
WINDOWS,Aperto,GEMINI,AG527,,Via Vittorio Veneto 49 ,PIGNATARO MAGGIORE,81052,CE,Campania,AG527-W-PIGNATARO MAGGIORE,Centro Sud,41.1879256,14.170409
WINDOWS,Aperto,GEMINI,AG527,,Via Monsignor Gennaro Verolino 19 ,ACERRA,80011,,Campania,AG527-W-ACERRA,Centro Sud,40.9426977,14.3725017
MALL,Aperto,GREEN ADVISOR,AG870,,VIA ALBERTO LIONELLO 201,ROMA,00139,RM,Lazio,AG870-W-ROMA TIBURTINA,Centro Sud,41.9701141,12.5386784
MALL,Aperto,GREEN ADVISOR,AG870,,VIA COLLATINA,ROMA,00132,RM,Lazio,AG870-W-ROMA TIBURTINA,Centro Sud,41.9222861,12.6665878
MALL,Aperto,QITALIA,AG660,,Via Crea 10 (CC LE GRU),GRUGLIASCO,10095,TO,Piemonte,AG660 - GRUGLIASCO,NORD,45.0577077,7.6147814
WINDOWS,Aperto,GREEN ADVISOR,AG870,,Via Troilo Il Grande 84-86,ROMA ,00131,RM,Lazio,AG870 - ROMA EST,Centro Sud,41.9473814,12.6008752
WINDOWS,Aperto,SMART LINE SERVICE SRL,AG127,FR17859,Via Ammiraglio George Curzon 12,Villa San Giovanni,89018,RC,Calabria,AG127-W-VILLA S.GIOVANI,Centro Sud,38.2180591,15.638486
ESE,Aperto,INSIEME S.P.A.,AG194,FR01516,Corso Dora 13,Avigliana,10051,TO,Piemonte,AG194 - SD_AVIGLIANA,Centro Sud,45.0897038,7.4026645
ESE,Aperto,INSIEME S.P.A.,AG194,FR12622,Via Agostino Fausti 10/12,Bracciano,00062,RM,Lazio,AG194 - SD_BRACCIANO,Centro Sud,42.1025598,12.1764061
ESE,Aperto,INSIEME S.P.A.,AG194,FR01745,Via F.lli Vercelli 116,Carmagnola,10022,TO,Piemonte,AG194 - SD_CARMAGNOLA,Centro Sud,44.8455856,7.7192711
ESE,Aperto,INSIEME S.P.A.,AG194,FR01744,Via Saluzzo 6,Cavour,10061,TO,Piemonte,AG194 - SD_CAVOUR,Centro Sud,44.7684608,7.388038
ESE,Aperto,INSIEME S.P.A.,AG194,FR12392,Via G. Bruzzesi 9,Civitavecchia,00053,RM,Lazio,AG194 - SEDE_CIVITAVECCHIA_RM,Centro Sud,42.0937524,11.7922462
ESE,Aperto,INSIEME S.P.A.,AG194,FR09427,Via Biccocchi 109,Follonica,58022,GR,Toscana,AG194 - FOLLONICA,Centro Sud,42.926326,10.761625
ESE,Aperto,INSIEME S.P.A.,AG194,FR12801,Piazza G. Falcone 23,Ladispoli,00055,RM,Lazio,AG194 - SD_LADISPOLI,Centro Sud,41.9537219,12.0734646
ESE,Aperto,INSIEME S.P.A.,AG194,FR01517,Via Cavour 4 bis/B,Moncalieri,10024,TO,Piemonte,AG194 - SEDE_MONCALIERI_TO,Centro Sud,44.9989247,7.6801722
ESE,Aperto,INSIEME S.P.A.,AG194,FR12735,Via Capitan Consalvo 25/27,Ostia Lido,00122,RM,Lazio,AG194 - ROMA OSTIA LIDO,Centro Sud,41.7326012,12.2784556
ESE,Aperto,INSIEME S.P.A.,AG194,FR07627,Via S. Anna 100,Rapallo,16035,GE,Liguria,AG194 - RAPALLO,Centro Sud,44.3492083,9.2316102
ESE,Aperto,INSIEME S.P.A.,AG194,FR12396,Viale Palmiro Togliatti 16/17,ROMA,00155,RM,Lazio,AG194 - ROMA COLLATINO,Centro Sud,41.8995574,12.5757297
ESE,Aperto,INSIEME S.P.A.,AG194,FR12395,Via Cappelletta della Giustiniana 18,ROMA,00123,RM,Lazio,AG194 - ROMA GIUSTINIANA,Centro Sud,41.8933203,12.4829321
ESE,Aperto,INSIEME S.P.A.,AG194,FR12393,Via G. Volpato 7-9-11-13,ROMA,00146,RM,Lazio,AG194 - ROMA OSTIENSE,Centro Sud,41.8933203,12.4829321
ESE,Aperto,INSIEME S.P.A.,AG194,FR07628,Via Verdi 21,Savona,17100,SV,Liguria,AG194 - SD_SAVONA,Centro Sud,44.3163037,8.4726881
ESE,Aperto,INSIEME S.P.A.,AG194,FR01518,Corso Einaudi 15 h/i/l,Torino ,10128,TO,Piemonte,AG194 - SD_TORINO_CROCETTA,Centro Sud,45.0677551,7.6824892
ESE,Aperto,INSIEME S.P.A.,AG194,FR07630,Via E. Chiappori 7,Ventimiglia,18039,IM,Liguria,AG194 - SD_VENTIMIGLIA,Centro Sud,43.826485,7.5495174
ESE,Aperto,INSIEME S.P.A.,AG194,FR12394,Via Cassia sud 3/a,Viterbo,01100,VT,Lazio,AG194 - VITERBO,Centro Sud,42.3691912,12.0584017
ESE,Aperto,INSIEME S.P.A.,AG194,FR12767,Via Gabi 1,ROMA,00183,RM,Lazio,AG194 - ROMA APPIO,Centro Sud,41.8812376,12.5094211
ESE,Aperto,INSIEME S.P.A.,AG194,FR01963,Regio Parco Corso Belgio 171 F,Torino,10153,TO,Piemonte,AG194 - TORINO REGIO PARCO,Centro Sud,45.0677551,7.6824892
ESE,Aperto,INSIEME S.P.A.,AG194,FR12964,Largo Domenico Paone 15 ,Formia,04023,LT,Lazio,AG194 - FORMIA,Centro Sud,41.2579305,13.6104857
ESE,Aperto,INSIEME S.P.A.,AG194,FR12965,Via Armellini 26,Latina ,04100,LT,Lazio,AG194 - LATINA,Centro Sud,41.5782242,12.9014978
ESE,Aperto,INSIEME S.P.A.,AG194,FR12978,Via Nazario Sauro 11,Fondi,04022,LT,Lazio,AG194 - FONDI,Centro Sud,41.3591618,13.4228102
ESE,Aperto,INSIEME S.P.A.,AG194,FR13979,Corso Umberto I 430,Montesilvano,65015,PE,Abruzzo,AG194 - MONTESILVANO,Centro Sud,42.5043371,14.1646917
ESE,Aperto,INSIEME S.P.A.,AG194,FR11980,Via Alcide De Gasperi 7,San benedetto del Tronto,63074,AP,Marche,AG194 - SAN BENEDETTO DEL TRON,Centro Sud,42.9525328,13.8807144
WINDOWS,Aperto,INSIEME S.P.A.,AG194,,Via Torino 155/B,Nichelino,10042,TO,Piemonte,AG194-W-TORINO,Centro Sud,44.9949395,7.6468651
WINDOWS,Aperto,INSIEME S.P.A.,AG194,,Via del Casale Ninfeo 6-8,Roma,00163,RM,Lazio,AG194-W-ROMA NINFEO,Centro Sud,41.8722246,12.4152565
ESE,Aperto,INSIEME S.P.A.,AG194,FR09A69,Via Borgo Giannotti 256,Lucca,55100,LU,Toscana,AG194 - LUCCA,Centro Sud,43.8549811,10.5078213
ESE,Aperto,MCF SRL,AG164,FR14B45,"Via Consalvo 107/a, 107/b",Napoli,80125,,Campania,AG164 - Napoli Fuorigrotta,Centro Sud,40.8358846,14.2487679
ESE,Aperto,SYNERGY S.r.l.,AG441,FR07440,Corso Assarotti 1 c/d,Chiavari,16043,GE,Liguria,AG441 - CHIAVARI,NORD,44.3146727,9.3244174
WINDOWS,Aperto,CONSORZIO SERVIZI GAS s.r.l.,AG367,,Via Nuova 36,Santo Stefano di Camastra,98077,ME,Sicilia,AG367 - MESSINA,Centro Sud,38.0138826,14.3499343
WINDOWS,Aperto,INSIEME S.P.A.,AG194,,Via Prenestina 386/384,Roma,00017,RM,Lazio,AG194-W-ROMA PRENESTINO,Centro Sud,41.8907313,12.6976067
WINDOWS,Aperto,MCF SRL,AG164,,Corso Europa 162,Avellino,83100,AV,Campania,AG164 - AFRAGOLA,Centro Sud,40.9125328,14.7865427
ESE,Aperto,LNT SRL (LA NUOVA TERMOIDROELETTRICA DEI F.LLI COCCONCELLI),AG339,FR18D44,Via A. D'Ippolito 23,Lamezia Terme,88046,CZ,Calabria,AG339 - LAMEZIA TER,Centro Sud,38.9645069,16.3021451
ESE,Aperto,LNT SRL (LA NUOVA TERMOIDROELETTRICA DEI F.LLI COCCONCELLI),AG339,FR18D44,Via Papandrea 1,Vibo Valentia,89811,VV,Calabria,AG339 - VIBO VALENTIA,Centro Sud,38.6770379,16.0951565
ESE,Aperto,LNT SRL (LA NUOVA TERMOIDROELETTRICA DEI F.LLI COCCONCELLI),AG339,,Viale Regina Margherita 158/B,Amantea,87032,CS,Calabria,,Centro Sud,39.1319089,16.0702833
ESE,Aperto,LUX TECNOLOGY TC SRLS ,AG509,FR19511,Via Venezia 75,Gela,93012,CL,Sicilia,AG509 - GELA,Centro Sud,37.076184,14.2425201
ESE,Aperto,LUX TECNOLOGY TC SRLS ,AG509,FR19512,Viale Trieste 126,Caltanissetta,93100,CL,Sicilia,AG509 - CALTANISSETTA,Centro Sud,37.4940885,14.0489364
ESE,Aperto,ENERGIA GIUSTA S.r.l. UNIPERSONALE,AG707,FR04B48,Corso Vittorio Emanuele II  85 ,Conegliano,31015,TV,Veneto,AG707 - CONEGLIANO,NORD,45.8859145,12.2966847
WINDOWS,Aperto,SMART LINE SERVICE SRL,AG127,FR14B35,Via Camillo Benso Cavuour 5,Aversa,81031,CE,Campania,AG127-W-AVERSA,Centro Sud,40.973212,14.204928
WINDOWS,Aperto,INSIEME S.P.A.,AG194,,Via di Torrevecchia 83,Roma,00168,RM,Lazio,AG194-W-ROMA TORREVECCHIA,Centro Sud,41.9238754,12.4128266
WINDOWS,Aperto,BLUGAS SRL,AG349,,Via Strozzi 91 B ,PRATO,59100 ,PO,TOSCANA,AG349-W-PRATO,NORD,43.8883128,11.0901551
WINDOWS,Aperto,MCF SRL,AG164,,Via Torrione 59,Salerno,84127,SA,Campania,AG164-W-SALERNO,Centro Sud,40.6727077,14.7778527
ESE,Aperto,MCF SRL,AG164,FR14013,"VIA PIETRO COLLETTA, 18",Maddaloni,81024 ,CE,Campania,AG164 - MADDALONI E CIRCELLO,Centro Sud,41.0356583,14.3763221
ESE,Aperto,MCF SRL,AG164,FR15002,Corso Bucci 66,Campobasso,86100,CB,Molise,AG164 - CAMPOBASSO,Centro Sud,41.5581573,14.660957
ESE,Aperto,MCF SRL,AG164,FR14761,Viale Kennedy 75,Santa Maria Capua Vetere,81055,CE,Campania,AG164 - SMARIA CAPUA VETERE,Centro Sud,41.0795453,14.2639124
ESE,Aperto,MCF SRL,AG164,FR14962,Via Ennio Goduti 1/3,Benevento,82100,BN,Campania,AG164 - BENEVENTO,Centro Sud,41.1328392,14.7756865
ESE,Aperto,MCF SRL,AG164,FR14961,Viale Abramo Lincoln 83,Caserta,81100,CE,Campania,AG164 - CASERTA,Centro Sud,41.0663892,14.3304347
ESE,Aperto,MCF SRL,AG164,FR14969,Corso Vittorio Emanuele 113,Afragola,80021,,Campania,AG164 - AFRAGOLA,Centro Sud,40.9228347,14.3048473
ESE,Aperto,INSIEME S.P.A.,AG194,FR11B51,Via Piave 38,Ancona,60124,AN,Marche,AG194 - ANCONA,Centro Sud,43.6150395,13.5221275
WINDOWS,Aperto,MCF SRL,AG164,,Via XXI Luglio 12,SESSA AURUNCA,81037,CE,CAMPANIA,AG164-W-SESSA AURUNCA,Centro Sud,41.2369344,13.9347304
WINDOWS,Aperto,SMART LINE SERVICE SRL,AG127,FR12B96,Via Circumvallazione 3 - 5 ,NOLA,80035,,CAMPANIA,AG127-W-NOLA,Centro Sud,40.9265023,14.5421947
ESE,Aperto,MCF SRL,AG164,FR14B61,Via G.Bruno n.189 ,Napoli,80122,,Campania,AG164 - VOMERO-CHIAIA,Centro Sud,40.8358846,14.2487679
ESE,Aperto,SMART LINE SERVICE SRL,AG127,FR14B62,Via Alcide de Gasperi 15,San Giorgio a Cremano,80046,,Campania,AG127 - SAN GIORGIO A CREMANO,Centro Sud,40.8301991,14.3335341
MALL,Aperto,QITALIA,AG660,,VIA FONTEVIVO 17,LA SPEZIA,19100,SP,Liguria,AG660 - LA SPEZIA,NORD,44.1190192,9.8324767
MALL,Aperto,QITALIA,AG660,,VIA GIUSEPPE GARIBALDI 1,LIMBIATE,20851,MB,Lombardia,AG660 - LIMBIATE,NORD,45.6138285,9.1327027
MALL,Aperto,QITALIA,AG660,,VIA BISCOLLA 48 ,MASSA COZZILE,51010,PT,Toscana,AG660 - MONTECATINI,NORD,43.8624193,10.766652
MALL,Aperto,QITALIA,AG660,,"Via Emilia Ovest 1480, C.C. Grandemilia",Modena,41123,MO,Emilia Romagna,AG660 - GRANDEMILIA,NORD,44.6458885,10.9255707
ESE,Aperto,PROMETEO ENERGIA SERVIZI SRL,AG337,FR18013,Piazza Zumbini 67/68,Cosenza,87100,CS,Calabria,AG337 - COSENZA,Centro Sud,39.3101461,16.2522431
WINDOWS,Aperto,PROMETEO ENERGIA SERVIZI SRL,AG337,,Via Fratelli Bandiera 25 ,RENDE ,87036,CS,Calabria,AG337-W-RENDE,Centro Sud,39.3344202,16.2417172
MALL,Aperto,QITALIA,AG660,,VIA DELLA LIBERAZIONE 8 ,PESCHIERA BORROMEO,20068,MI,Lombardia,AG660 - BORROMEA,NORD,45.4231834,9.2930543
ESE,Aperto,NOVAENERGIA SRL,AG305,FR01C38,Via Milano 71,Alessandria,15121,AL,Piemonte,AG305 - ALESSANDRIA,NORD,44.9157249,8.6132272
ESE,Aperto,NOVAENERGIA SRL,AG305,FR01774,Corso Alessandria 138,Asti,14100,AT,Piemonte,AG305 - ASTI,NORD,44.9064245,8.2552866
ESE,Aperto,NOVAENERGIA SRL,AG305,FR01541,Via Novara 11,Borgomanero ,28021,NO,Piemonte,AG305 - S&D_NOVNRG_BORGOMANERO,NORD,45.6896484,8.4726867
MALL,Aperto,QITALIA,AG660,,VIA PALMIRO TOGLIATTI 1 ,RESCALDINA,20027,MI,Lombardia,AG660 - RESCALDINA,NORD,45.6095193,8.9638673
ESE,Aperto,NOVAENERGIA SRL,AG305,FR01403,Viale Giulio Cesare 201/D,Novara,28100 ,NO,Piemonte,AG305 - S&D_NOVNRG_NOVARA SUD,NORD,45.4364141,8.6049801
WINDOWS,Aperto,ALTO LAZIO GAS SRL,AG310,,Piazza Filattiera nr. 38 ,ROMA,00139,RM,LAZIO,AG310-W-ROMA PRATI,Centro Sud,41.957628,12.5174633
ESE,Aperto,SYNERGY S.r.l.,AG441,FR07440,Via Sestri 272,Genova,16154,GE,Liguria,AG441 - CHIAVARI,NORD,44.4234838,8.8535604
ESE,Aperto,ROCCA ENERGIA SRL,AG334,FR12074,Via Giuseppe Sirtori 86/88,Roma,00149,RM,Lazio,AG334 - ROMA PORTUENSE,Centro Sud,41.8933203,12.4829321
ESE,Aperto,ROCCA ENERGIA SRL,AG334,FR12010,Via Formoso 36,Fiumicino,00054,RM,Lazio,AG334 - FIUMICINO,Centro Sud,41.7599751,12.2285907
ESE,Aperto,ROCCA ENERGIA SRL,AG334,FR12775,Via Mura Dei Francesi 197/G-H,Ciampino,00043,RM,Lazio,AG334 - CIAMPINO,Centro Sud,41.8002891,12.6004706
ESE,Aperto,ROCCA ENERGIA SRL,AG334,FR12010,Via Ermanno Wolf Ferrari 316,ROMA ,00124,RM,Lazio,AG334 - FIUMICINO,Centro Sud,41.748625,12.3775151
WINDOWS,Aperto,ROCCA ENERGIA SRL,AG334,,Piazza dell'Alberone 14,Roma,00181,RM,Lazio,AG334-W-ROMA ALBERONE,Centro Sud,41.8764127,12.521318
WINDOWS,Aperto,ENERGIA ITALIA SPA,AG267,,Piazza degli Eroi 8/9,SAN CATALDO,93017,CL,Sicilia,AG267-W-SAN CATALDO,Centro Sud,37.4914458,13.9935156
ESE,Aperto,SMART LINE SERVICE SRL,AG127,FR17859,Via Enrico Mattei 16,Matera,75100,MT,Basilicata,AG127 - Matera,Centro Sud,40.6787832,16.5796262
ESE,Aperto,SMART LINE SERVICE SRL,AG127,FR14005,Corso Secondigliano 147ABC,Napoli,80144,,Campania,AG127 - NAPOLI MIANO,Centro Sud,40.8358846,14.2487679
ESE,Aperto,SMART LINE SERVICE SRL,AG127,FR14460,C.so Italia 108,Sant'Agnello,80065,,Campania,AG127 - SANT'AGNELLO,Centro Sud,40.6300932,14.3970684
ESE,Aperto,SMART LINE SERVICE SRL,AG127,FR14015,Via Maristi 18,Giugliano in Campania ,80014 ,,Campania,AG127 - GIUGLIANO NAPOLI,Centro Sud,40.924257,14.2012766
ESE,Aperto,SMART LINE SERVICE SRL,AG127,FR14860,Via Delle Porcellane di Capodimonte 43,Napoli,80128,,Campania,AG127 - Napoli Avvocata,Centro Sud,40.8358846,14.2487679
ESE,Aperto,SMART LINE SERVICE SRL,AG127,FR14995 ,Via Santa Maria 60/62 ,Quarto,80010,,Campania,AG127 - Marano di Napoli,Centro Sud,40.8797721,14.153326
ESE,Aperto,SMART LINE SERVICE SRL,AG127,FR14A16,Viale Europa 2A/2B,Castellammare di Stabia,80053,,Campania,AG127 - CASTELLAMMARE DI STA,Centro Sud,40.7060969,14.4886391
ESE,Aperto,SMART LINE SERVICE SRL,AG127,FR14A35,"Via G. Ponzio, 4 IS. C1 Torre Saverio",Napoli,80141,,Campania,AG127 - NAPOLI POGGIOREALE,Centro Sud,40.8358846,14.2487679
ESE,Aperto,SMART LINE SERVICE SRL,AG127,FR08584,Via Emilia Est 56/58,Modena,41124 ,MO,Emilia Romagna,AG127 - UFFICIO MODENA,Centro Sud,44.6436749,10.932861
ESE,Aperto,SMART LINE SERVICE SRL,AG127,FR08968,Via Renaccio 1/2,Faenza,48018,RA,Emilia Romagna,AG127 - FAENZA,Centro Sud,44.2773309,11.8801114
ESE,Aperto,SMART LINE SERVICE SRL,AG127,FR12023,Via Beata Vergine del Carmelo 131/133,ROMA,00128,RM,Lazio,AG127 - ROMA SPINACETO,Centro Sud,41.8933203,12.4829321
ESE,Aperto,SMART LINE SERVICE SRL,AG127,FR12049,Via Lucio Calpurnio Bibulo 5/7,ROMA,00175 ,RM,Lazio,AG127 - ROMA QUADRARO,Centro Sud,41.8649076,12.5531398
ESE,Aperto,SMART LINE SERVICE SRL,AG127,FR12579,Piazza Augusto Albini 32/34,ROMA,00154 ,RM,Lazio,AG127 - GARBATELLA,Centro Sud,41.8643493,12.4842041
WINDOWS,Aperto,SMART LINE SERVICE SRL,AG127,FR12B22,Via del mare 47/49 ,Pomezia,00071,RM,Lazio,AG127-W-POMEZIA,Centro Sud,41.6618214,12.4875006
WINDOWS,Aperto,SMART LINE SERVICE SRL,AG127,FR14B23,Corso Italia 33 ,Marano di Napoli,80016,,Campania,AG127-W-MARANO,Centro Sud,40.8990368,14.1946676
ESE,Aperto,SMART LINE SERVICE SRL,AG127,FR04820,Viale Mediterraneo 534/536,Chioggia,30015 ,VE,Veneto,AG127 - CHIOGGIA,Centro Sud,45.1973718,12.2934957
ESE,Aperto,SMART LINE SERVICE SRL,AG127,FR04603,Via Matteotti 35,Este,35042,PD,Veneto,AG127 - UFFICIO ESTE,Centro Sud,45.2278437,11.6548203
WINDOWS,Aperto,SMART LINE SERVICE SRL,AG127,FR12B21,Corso del Popolo 32 ,Grottaferrata,00046,RM,Lazio,AG127-W-GROTTAFERRATA,Centro Sud,41.7878377,12.6683131
WINDOWS,Aperto,INSIEME S.P.A.,AG194,,Via Renato Fucini 22,ROMA,00137,RM,LAZIO,AG194-W-ROMA TALENTI,Centro Sud,41.9479258,12.5508849
WINDOWS,Aperto,GREEN ADVISOR,AG870,,Via Anagni 136,Roma,00171,RM,Lazio,AG870-W-ROMA,Centro Sud,41.8906472,12.5605408
WINDOWS,Aperto,VITRANO SRL,AG315,,"Via Cavour, 84 ",Carlentini,96013,SR,Sicilia,,Centro Sud,37.2769573,15.0139547
WINDOWS,Aperto,INSIEME S.P.A.,AG194,,Via Giuseppe Mazzini 7,GAETA,04024,LT,Lazio,AG194-W-GAETA,Centro Sud,41.2138834,13.5679941
ESE,Aperto,MCF SRL,AG164,FR10C07,Via Alessandro Manzoni 379-381-383 ,Perugia,06135,PG,Umbria,AG164 - PERUGIA,Centro Sud,43.1119613,12.3890104
WINDOWS,Aperto,ENERGIA GIUSTA S.r.l. UNIPERSONALE,AG707,FR01C01,Piazza Vittorio Veneto nr.14,ORBASSANO,10043 ,TO,Piemonte,AG707-W-ORBASSANO,NORD,45.005615,7.5407417
ESE,Aperto,SYNERGY S.r.l.,AG441,FR07967,Via Redipuglia 9,La Spezia,19124,SP,Liguria,AG441 - LA SPEZIA,NORD,44.1105176,9.8293456
WINDOWS,Aperto,SYNERGY S.r.l.,AG441,,Piazza San Giorgio 28,Sarzana,19038,SP,Liguria,AG441-W-SARZANA,NORD,44.1123794,9.9587916
WINDOWS,Aperto,TEKNICA GAS SRL,AG762,,Via Ghiglini 62,Arenzano,16011 ,GE,Liguria,AG762-W-ARENZANO,NORD,44.4045149,8.6850304
ESE,Aperto,TEKNICA GAS SRL,AG762,FR07754,Via della Stazione 4,Arma di Taggia ,18018,IM,Liguria,AG762 - ARMA DI TAGGIA,NORD,43.8310037,7.8490829
ESE,Aperto,TEKNICA GAS SRL,AG762,FR07753,Piazza Dante Alighieri 24,Imperia,18100 ,IM,Liguria,AG762 - TEKGAS_IMPERIA,NORD,43.8517155,7.8872219
WINDOWS,Aperto,SMART LINE SERVICE SRL,AG127,,Corso della Repubblica n. 145/147,Velletri ,00049,RM,Lazio,AG127-W-VELLETRI,Centro Sud,41.6867015,12.7770433
ESE,Aperto,TERMOCOOP SRL,AG240,FR12502,Via Gaetano Donizetti 37,Albano Laziale,00041 ,RM,Lazio,AG240 - ALBANO LAZIALE,SUD,41.724738,12.6543212
ESE,Aperto,TERMOCOOP SRL,AG240,FR09033,Via Tosco Romagnola 248,Cascina,56021,PI,Toscana,AG240 - CASCINA,SUD,43.6825261,10.5152548
ESE,Aperto,TERMOCOOP SRL,AG240,FR10372,Via Roma 130,Castiglione del Lago,06061 ,PG,Umbria,AG240 - CASTIGLIONE DEL LAGO,SUD,43.1227521,12.0421838
ESE,Aperto,TERMOCOOP SRL,AG240,FR09024,Via Benedetto Croce 54,Pisa,56125,PI,Toscana,AG240 - PISA - SUD,SUD,43.7103066,10.4048766
ESE,Aperto,TERMOCOOP SRL,AG240,FR12398,Via Enrico Giglioli 87 B/C,Roma,00169 ,RM,Lazio,AG240 - ROMA TORRE MAURA,SUD,,
ESE,Aperto,TERMOCOOP SRL,AG240,FR12398,Via Roberto Malatesta 227,ROMA,00176 ,RM,Lazio,AG240 - ROMA PRENESTINA,SUD,41.8933203,12.4829321
MALL,Aperto,QITALIA,AG660,,STRADA PADANA VERSO PADOVA 60,VICENZA,36100,VI,Veneto,AG660 - PALLADIO,NORD,45.5291826,11.5952608
WINDOWS,Aperto,MCF SRL,AG164,,"Piazza Pace, 21",Boscoreale,80041,,CAMPANIA,AG164-W-BOSCOREALE,Centro Sud,40.7754589,14.4748934
WINDOWS,Aperto,NOVAENERGIA SRL,AG305,,Via della Repubblica 5,Vigevano,27029,PV ,Lombardia,AG305-W-VIGEVANO,NORD,45.3170942,8.858603
ESE,Aperto,VITRANO SRL,AG315,FR19003,Via Servi di Maria 129,Siracusa,96100 ,SR,Sicilia,AG315 - SIRACUSA,Centro Sud,37.0904417,15.2909147
WINDOWS,Aperto,INSIEME S.P.A.,AG194,,Via Vincenzo Pacifici 4/6 ,TIVOLI,00019,RM,Lazio,AG194-W-TIVOLI,Centro Sud,41.9616114,12.7972082
ESE,Aperto,WINNING SRL ,AGA41,FR11A44,"Via Indipendenza 14, Via Costituzione 8",Fano,61032,PU,Marche,AGA41 - FANO,NORD,43.8424173,13.0146632
WINDOWS,Aperto,WINNING SRL ,AGA41,,Via Umberto Giordano 72,SENIGALLIA,60019,AN,Marche,AGA41-W-SENIGALLIA,NORD,43.7210054,13.2079632
WINDOWS,Aperto,ALTO LAZIO GAS SRL,AG310,,"via Tiburtina,113 ",TIVOLI TERME,00012,RM,Lazio,AG310-W-TIVOLI TERME,Centro Sud,41.9541435,12.710628
ESE,Aperto,MAIN SOLUTION,AGA78,FR18C17,via Francesco De Seta n°3 /4 ,Catanzaro,88100,CZ,Calabria,AGA78 - CATANZARO,Centro Sud,38.9018771,16.5965976
FLAGSHIP,Aperto,ENI PLENITUDE-ASSIST,AGC18,,"Via Toledo, 243 ",Napoli,80134,,Campania,AGC18 - FLAGSHIP_NA_IBRIDO,,40.8380075,14.2482675
ESE,Aperto,GRUPPO AURA,AG546,FR03C33,"Via F. Argelati, 44",Milano,20143,MI,Lombardia,AG546 - MILANO,NORD,45.4641943,9.1896346
WINDOWS,Aperto,ENERGIA ITALIA SPA,AG267,,Via Francesco Crispi 22,Marsala,91025,TP,Sicilia,AG267-W-MARSALA,Centro Sud,37.7921591,12.4397251
ESE,Aperto,MAIN SOLUTION,AGA78,FR18C40,Via Papa Giovanni XXIII,Castrolibero,87040,CS,Calabria,AGA78-W-CASTROLIBERO,Centro Sud,39.3084321,16.2170459
WINDOWS,Aperto,WINNING SRL ,AGA41,,Viale Costantinopoli 36,Rimini,47924,RN,Emilia Romagna,AGA41-W-RIMINI,NORD,44.0282114,12.6176062
ESE,Aperto,MAIN SOLUTION,AGA78,FR16C43,Via Santa Chiara 1 angolo Corso Umberto 56,Mola di Bari,70042,BA,Puglia,AGA78 - MOLA DI BARI,Centro Sud,41.0613232,17.0917111
ESE,Aperto,MAIN SOLUTION,AGA78,FR16C43,Piazza Umberto 7 ,Bitritto,70020,BA,Puglia,AGA78 - BITRITTO,Centro Sud,41.0423717,16.826248
ESE,Aperto,MAIN SOLUTION,AGA78,FR16C41,Via Cialdini 17,Monopoli,70043,BA,Puglia,AGA78 - MONOPOLI,Centro Sud,40.9505652,17.2995675
MALL,Aperto,GREEN ADVISOR,AG870,,VIALE DELL'OCEANO PACIFICO 83 LOCALITA' CASTELLACCIO ,ROMA,00144,RM,Lazio,AG870 - CC Euroma2,Centro Sud,41.8933203,12.4829321
WINDOWS,Aperto,MCF SRL,AG164,,"Via Ruggiero Da Torrecuso, 4",Torrecuso,82030,BN,Campania,AG164-W-TORRECUSO,Centro Sud,41.18974,14.6800554
WINDOWS,Aperto,ALTO LAZIO GAS SRL,AG310,,Corso San Giorgio nr. 106,Teramo,64100,TE,Abruzzo,AG310-W-TERAMO,Centro Sud,42.6612893,13.6983524
ESE,Aperto,ENERGIA GIUSTA S.r.l. UNIPERSONALE,AG707,FR12C53,Via E. Jenner 139A ,Roma,00151,RM,LAZIO,AG707 - ROMA MONTEVERDE,NORD,41.8933203,12.4829321
ESE,Aperto,TEKNICA GAS SRL,AG762,FR07754,Via A. Manzoni 53/55,Sanremo,18038 ,IM,Liguria,AG762 - TEKGAS_SANREMO,NORD,43.8362985,7.7772658
ESE,Aperto,SMART LINE SERVICE SRL,AG127,FR18C39,Via Pretoria 161,Potenza,85100,PZ,Basilicata,AG127 - POTENZA,Centro Sud,40.6387444,15.8044862
WINDOWS,Aperto,MCF SRL,AG164,,Corso Italia 50,Vasto,66054,CH,Abruzzo,AG164-W-VASTO,Centro Sud,42.1096363,14.7071902
WINDOWS,Aperto,SMART LINE SERVICE SRL,AG127,,"Via Nazionale delle Puglie, 42",Casoria,80026,,Campania,AG127-W-CASORIA,Centro Sud,40.8796048,14.3149472
WINDOWS,Aperto,SMART LINE SERVICE SRL,AG127,,"Via Giuseppe Tropeano, 53",Napoli,80131,,Campania,AG127-W-NAPOLI,Centro Sud,40.8629222,14.2192336
WINDOWS,Aperto,SMART LINE SERVICE SRL,AG127,,"Corso Umberto I, 156",Caivano,80023,,Campania,AG127-W-CAIVANO,Centro Sud,40.9605438,14.3071932
ESE,Aperto,WINNING SRL ,AGA41,FR11C64,Via Bellocchi 18,Fabriano,60044,AN,Marche,AGA41 - FABRIANO,NORD,43.3462197,12.9218799
WINDOWS,Aperto,SMART LINE SERVICE SRL,AG127,,via Giacomo Canale n.11 ,NOCERA INFERIORE,84014,SA,Campania,AG127-W-NOCERA INFERIORE,Centro Sud,40.7439533,14.6411084
WINDOWS,Aperto,SMART LINE SERVICE SRL,AG127,FR14C60,"Via Giacinto Gigante, 58",Casavatore,80020,,Campania,AG127-W-CASAVATORE,Centro Sud,40.8987805,14.2744101
WINDOWS,Aperto,SMART LINE SERVICE SRL,AG127,FR14C59,"Via Vittorio Veneto, 63/65",Napoli,80145,,Campania,AG127-W-MIANO,Centro Sud,40.889138,14.2426712
WINDOWS,Aperto,EASY LIFE,AGA12,,Via Casilina 991F,Roma,00177,RM,Lazio,AGA12-W-RM-CASILINA,Centro Sud,41.877029,12.5519234
ESE,Aperto,WINNING SRL ,AGA41,FR11C63,Via Curiel 30,Pesaro,61121,PU,Marche,AGA41 - PESARO,NORD,43.9071153,12.9106655
FLAGSHIP,Aperto,ENI PLENITUDE-ASSIST,AGD12,,Via Cola di Rienzo 159-161,Roma,00192,RM,Lazio,AGD12 - FLAGSHIP_ROMA_IBRIDO,,41.9065997,12.4596265
WINDOWS,Aperto,ALTO LAZIO GAS SRL,AG310,,Corso Federico II nr. 39   ,l'Aquila,67100,AQ,Abruzzo,AG310-W-AQUILA,Centro Sud,42.3478385,13.3984565
WINDOWS,Aperto,ENERGIA GIUSTA S.r.l. UNIPERSONALE,AG707,FR12D06,Via Curzio Rufo 3,ROMA,00174,RM,LAZIO,AG707-W-ROMA TUSCOLANA,NORD,41.8573547,12.5606111
ESE,Aperto,SMART LINE SERVICE SRL,AG127,FR20D22,Via S. Farina 8,Cagliari, 09127,CA,Sardegna,AG127 - CAGLIARI,Centro Sud,39.2171994,9.113311
ESE,Aperto,G.R. SERVIZI SRL,AG307,FR01D29,Via Savio 23,Savigliano,12038 ,CN,Piemonte,AG307 - SAVIGLIANO,NORD,44.6475318,7.6523997
ESE,Aperto,G.R. SERVIZI SRL,AG307,FR01D30,Via Giovanni Battista Beccaria 2D,Mondovì ,12084,CN,Piemonte,AG307 - MONDOVI,NORD,44.3904796,7.8219199
WINDOWS,Aperto,GREENTECH INNOVATIONS ,AGA50,FR08D25,"Via Amerigo Vespucci, 23",Cattolica,47841,RN,Emilia Romagna,AGA50-W-CATTOLICA,NORD,43.9607136,12.7192897
WINDOWS,Aperto,G.R. SERVIZI SRL,AG307,FR01D23,Corso Massimo D’Azeglio 36 ,Ivrea,10015,TO,Piemonte,AG307-W-IVREA,NORD,45.4676811,7.8837304
ESE,Aperto,ENERGIA ITALIA SPA,AG267,FR19D35,Via Giacomo Leopardi 8-10,Catania,95127,CT,Sicilia,AG267 - CATANIA,Centro Sud,37.5190911,15.1035475
WINDOWS,Aperto,ENERGIA GIUSTA S.r.l. UNIPERSONALE,AG707,,"Via Sant'Antonio Abate, 4",Busto Arsizio ,21052,VA,Lombardia,AG707-W-BUSTO ARSIZIO,NORD,45.611932,8.8518269
WINDOWS,Aperto,ENERGIA GIUSTA S.r.l. UNIPERSONALE,AG707,,"Via Alessandro Manzoni, 10",Pianezza,10044,TO,Piemonte,AG707-W-PIANEZZA,NORD,45.1016796,7.5487273
WINDOWS,Aperto,ENERGIA GIUSTA S.r.l. UNIPERSONALE,AG707,FR12A66,Via dei caduti della resistenza 699,Roma,00128,RM,LAZIO,AG707 - ROMA SPINACETO,NORD,41.8933203,12.4829321
WINDOWS,Aperto,MCF SRL,AG164,FR14B61,"Via Maurizio De Vito Piscicelli, 104",Napoli,80128,,Campania,AG164 - VOMERO-CHIAIA,Centro Sud,40.8519825,14.2285116
ESE,Aperto,INSIEME S.P.A.,AG194,FR09D36,Via Grande 6,Livorno,57123,LI,Toscana,AG194 - LIVORNO,SUD,43.551837,10.3120573
ESE,Aperto,ENERGIA GIUSTA S.r.l. UNIPERSONALE,AG707,FR06D46,Via Cosattini n. 11,UDINE ,33100,UD,Friuli Venezia Giulia,AG707 - UDINE,NORD,46.0655776,13.231562
WINDOWS,Aperto,ENERGIA GIUSTA S.r.l. UNIPERSONALE,AG707,FR01D41,"Piazza Cavour, 36 ",Saluzzo,12037,CN,Piemonte,AG707-W-SALUZZO,NORD,44.646168,7.4922466
ESE,Aperto,WINNING SRL ,AGA41,FR08D42,Viale Vittorio Veneto 21 C,Bologna,40131,BO,Emilia Romagna,AGA41 - BOLOGNA,NORD,44.6270644,11.6687386
WINDOWS,Aperto,GREENTECH INNOVATIONS ,AGA50,FR08D24,Via Cervese 2636,Cesena,47021,FC,Emilia Romagna,AGA50-W-CESENA,NORD,44.1456833,12.2535486
WINDOWS,Aperto,ENERGIA GIUSTA S.r.l. UNIPERSONALE,AG707,FR12D40,"Via Domenico Seghetti, 44 ",Frascati,00044,RM,Lazio,AG707-W-FRASCATI,NORD,41.8095315,12.6775191
ESE,Aperto,MCF SRL,AG164,FR16D43,Corso Roma 168,Foggia,71100,FG,Puglia,AG164 - FOGGIA,Centro Sud,41.4544096,15.5492004
