Tipologia,STATO PDV,Rag. Sociale,Codice Agenzia,Codici FR,Indirizzo,Comune,CAP,Provincia,Regione,Sede Operativa SUP,Indirizzo_Completo,Latitudine,Longitudine,Indirizzo_Trovato,Stato_Geocoding
ESE,Aperto,ACD Energy S.r.l.,AG129,FR01724,Corso Torino 119,Rivarolo Canavese,10040,TO,Piemonte,AG129 - RIVAROLO CANAVESE,"Corso Torino 119, 10040 Rivarolo Canavese, TO, Piemonte, Italia",45.3206788,7.7291998,"Corso Torino, Pasquaro, Rivarolo Canavese, Torino, Piemonte, 10086, Italia",TROVATO
ESE,Aperto,ACD Energy S.r.l.,AG129,FR01725,Corso Francia 30/B,Rivoli,10098,TO,Piemonte,AG129 - RIVOLI E ALPIGNANO,"Corso Francia 30/B, 10098 Rivoli, TO, Piemonte, Italia",45.0711006,7.5332543,"Corso Francia, Cascine Vica, Rivoli, Torino, Piemonte, 10098, Italia",TROVATO
ESE,Aperto,ACD Energy S.r.l.,AG129,FR01760,Via Italia 88,Settimo Torinese,10036,TO,Piemonte,AG129 - SETTIMO TORINESE,"Via Italia 88, 10036 Settimo Torinese, TO, Piemonte, Italia",45.1383527,7.772944,"Via Italia, Settimo Torinese, Torino, Piemonte, 10036, Italia",TROVATO
ESE,Aperto,ACD Energy S.r.l.,AG129,FR03640,Via Alcide De Gasperi 62,Brugherio,20861,MI,Lombardia,AG129 - BRUGHERIO,"Via Alcide De Gasperi 62, 20861 Brugherio, MI, Lombardia, Italia",45.5635592,9.2329314,"Centrale di stoccaggio gas di Brugherio, Robecco, Crocetta, Cinisello Balsamo, Zona Omogenea Milano Nord, Milano, Lombardia, 20092, Italia",TROVATO_COMUNE
ESE,Aperto,ACD Energy S.r.l.,AG129,FR01727,Corso Umbria 14/E,Torino,10100,TO,Piemonte,AG129 - TORINO SAN DONATO,"Corso Umbria 14/E, 10100 Torino, TO, Piemonte, Italia",45.0826192,7.6700258,"14e, Corso Umbria, Basso San Donato, San Donato, Circoscrizione 4, Torino, Piemonte, 10144, Italia",TROVATO
ESE,Aperto,ACD Energy S.r.l.,AG129,FR03739,Via Trieste 6,San Donato Milanese,20097,MI,Lombardia,AG129 - SAN DONATO MILANESE,"Via Trieste 6, 20097 San Donato Milanese, MI, Lombardia, Italia",45.4132886,9.2667543,"6, Via Trieste, Certosa di San Donato, Triulzo, San Donato Milanese, Rodano, Milano, Lombardia, 20097, Italia",TROVATO
WINDOWS,Aperto,ACD Energy S.r.l.,AG129,,Corso Regina Margherita 223,Torino,10146,TO,Piemonte,AG129-W-TORINO,"Corso Regina Margherita 223, 10146 Torino, TO, Piemonte, Italia",45.0838774,7.6612576,"223, Corso Regina Margherita, Martinetto, San Donato, Circoscrizione 4, Torino, Piemonte, 10144, Italia",TROVATO
ESE,Aperto,ALTO LAZIO GAS SRL,AG310,FR12004,Via XXIV MAGGIO 37,Passo Corese,02032,RI,Lazio,AG310 - PASSO CORESE,"Via XXIV MAGGIO 37, 02032 Passo Corese, RI, Lazio, Italia",42.1533183,12.65511,"Via XXIV Maggio, Passo Corese, Fara in Sabina, Rieti, Lazio, 02032, Italia",TROVATO
ESE,Aperto,ALTO LAZIO GAS SRL,AG310,FR12006,Via Papa Giovanni XXIII 4 B,Civita Castellana,01033,VT,Lazio,AG310 - CIVITA CASTELLANA,"Via Papa Giovanni XXIII 4 B, 01033 Civita Castellana, VT, Lazio, Italia",42.2976616,12.4115376,"Via Papa Giovanni XXIII, Civita Castellana, Viterbo, Lazio, 01033, Italia",TROVATO
ESE,Aperto,ALTO LAZIO GAS SRL,AG310,FR12011,Via Umberto Maddalena 44,Guidonia,00012,RM,Lazio,AG310 - GUIDONIA MONTECELIO,"Via Umberto Maddalena 44, 00012 Guidonia, RM, Lazio, Italia",41.9969832,12.7240979,"Via Umberto Maddalena, La Pietrara, Guidonia, Guidonia Montecelio, Roma Capitale, Lazio, 00012, Italia",TROVATO
ESE,Aperto,ALTO LAZIO GAS SRL,AG310,FR12033,Viale degli Ammiragli 83,ROMA,00136,RM,Lazio,AG310 - ROMA PRATI,"Viale degli Ammiragli 83, 00136 ROMA, RM, Lazio, Italia",41.9064044,12.4439384,"Viale degli Ammiragli, Municipio Roma I, Roma, Roma Capitale, Lazio, 00165, Italia",TROVATO
ESE,Aperto,ALTO LAZIO GAS SRL,AG310,FR12041,Via Paolessi 31 33,Rieti,02100,RI,Lazio,AG310 - RIETI,"Via Paolessi 31 33, 02100 Rieti, RI, Lazio, Italia",42.4082953,12.853462,"Via Michele Paolessi, Regina Pacis, Rieti, Lazio, 02100, Italia",TROVATO
ESE,Aperto,ALTO LAZIO GAS SRL,AG310,FR12075,V.le Somalia 37,ROMA,00199,RM,Lazio,AG310 - ROMA SALARIO,"V.le Somalia 37, 00199 ROMA, RM, Lazio, Italia",41.935011,12.5184962,"Viale Somalia, Trieste, Municipio Roma II, Roma, Roma Capitale, Lazio, 00199, Italia",TROVATO
ESE,Aperto,ALTO LAZIO GAS SRL,AG310,FR12551,Viale Carnaro 28,ROMA,00141,RM,Lazio,AG310 - MONTESACRO,"Viale Carnaro 28, 00141 ROMA, RM, Lazio, Italia",41.941188,12.5319773,"Hobby House, 28, Viale Carnaro, Monte Sacro, Municipio Roma III, Roma, Roma Capitale, Lazio, 00141, Italia",TROVATO
ESE,Aperto,ALTO LAZIO GAS SRL,AG310,FR12552,Via Borgo Ticino 41/43,ROMA,00166,RM,Lazio,AG310 - CASALOTTI,"Via Borgo Ticino 41/43, 00166 ROMA, RM, Lazio, Italia",41.919115,12.3728871,"Via Borgo Ticino, Casalotti, Municipio Roma XIII, Pantan Monastero, Roma, Roma Capitale, Lazio, 00166, Italia",TROVATO
ESE,Aperto,ALTO LAZIO GAS SRL,AG310,FR12583,Via Francesco Caltagirone 319,ROMA,00132,RM,Lazio,AG310 - SETTECAMINI,"Via Francesco Caltagirone 319, 00132 ROMA, RM, Lazio, Italia",41.9096363,12.655188,"Via Francesco Caltagirone, Ponte di Nona, Municipio Roma VI, Colle Prenestino, Roma, Roma Capitale, Lazio, 00115, Italia",TROVATO
ESE,Aperto,ALTO LAZIO GAS SRL,AG310,FR13776,Via Cappuccini 1/D,Sulmona,67039,AQ,Abruzzo,AG310 - SULMONA,"Via Cappuccini 1/D, 67039 Sulmona, AQ, Abruzzo, Italia",42.0537613,13.939421,"Via dei Cappuccini, Sulmona, L'Aquila, Abruzzo, 67039, Italia",TROVATO
ESE,Aperto,ALTO LAZIO GAS SRL,AG310,FR12583,Via Casilina 1890/N,ROMA,00132,RM,Lazio,,"Via Casilina 1890/N, 00132 ROMA, RM, Lazio, Italia",41.8634074,12.6910566,"1890n, Via Casilina, Pantano Borghese, Municipio Roma VI, Finocchio, Roma, Roma Capitale, Lazio, 00132, Italia",TROVATO
ESE,Aperto,ALTO LAZIO GAS SRL,AG310,FR12041,Via Gramsci 11,Terni,05100,TR,Umbria,,"Via Gramsci 11, 05100 Terni, TR, Umbria, Italia",42.5596945,12.6540233,"Via Antonio Gramsci, Città Giardino, Terni, Umbria, 05100, Italia",TROVATO
ESE,Aperto,ALTO LAZIO GAS SRL,AG310,FR13958,Via Nazionale Adriatica 112,Roseto degli Abruzzi,64026,TE,Abruzzo,AG310 - ROSETO DEGLI ABRUZZI,"Via Nazionale Adriatica 112, 64026 Roseto degli Abruzzi, TE, Abruzzo, Italia",42.662175,14.0262921,"EuroSpin, 112, Strada Statale 16 Adriatica, Roseto degli Abruzzi, Teramo, Abruzzo, 64026, Italia",TROVATO
ESE,Aperto,ALTO LAZIO GAS SRL,AG310,FR13957,Via Crispi 62,Avezzano,67051,AQ,Abruzzo,AG310 - AVEZZANO,"Via Crispi 62, 67051 Avezzano, AQ, Abruzzo, Italia",42.0336949,13.4221958,"Via Francesco Crispi, Frati, Avezzano, L'Aquila, Abruzzo, 67051, Italia",TROVATO
WINDOWS,Aperto,MAIN SOLUTION,AGA78,,via Trieste 191,MONTALTO UFFUGO,87046,CS,Calabria,AGA78-W-MONTALTO UFFUGO,"via Trieste 191, 87046 MONTALTO UFFUGO, CS, Calabria, Italia",39.404795,16.15799,"Montalto Uffugo, Cosenza, Calabria, 87046, Italia",TROVATO_COMUNE
WINDOWS,Aperto,BLU ENERGY SYSTEM SRL,AG317,,via Cesare Battisti 27/C,Treviglio,24047,BG,Lombardia,AG317-W-TREVIGLIO,"via Cesare Battisti 27/C, 24047 Treviglio, BG, Lombardia, Italia",45.5339851,9.5972901,"Treviglio, Bergamo, Lombardia, 24047, Italia",TROVATO_COMUNE
ESE,Aperto,BLU ENERGY SYSTEM SRL,AG317,FR03010,Via Carmagnola 2,Chiari,25032,BS,Lombardia,AG317 - CHIARI,"Via Carmagnola 2, 25032 Chiari, BS, Lombardia, Italia",45.5372536,9.9296612,"2, Via Carmagnola, Chiari, Brescia, Lombardia, 25032, Italia",TROVATO
ESE,Aperto,BLU ENERGY SYSTEM SRL,AG317,FR03004,Largo Europa 4,Vimercate,20871,MB,Lombardia,AG317 - VIMERCATE,"Largo Europa 4, 20871 Vimercate, MB, Lombardia, Italia",45.6103516,9.367938,"Largo Europa, Torri Bianche, Oreno, Vimercate, Monza e della Brianza, Lombardia, 20871, Italia",TROVATO
WINDOWS,Aperto,MAIN SOLUTION,AGA78,,Corso della Repubblica 22/24,SIDERNO,89048,RC,Calabria,AGA78-W-SIDERNO,"Corso della Repubblica 22/24, 89048 SIDERNO, RC, Calabria, Italia",38.2649994,16.2940097,"Corso della Repubblica, Siderno, Reggio Calabria, Calabria, 89048, Italia",TROVATO
ESE,Aperto,BLUGAS SRL,AG349,FR09008,Via C. Maccari 117/119,Firenze,50142,FI,Toscana,AG349 - Q4 FIRENZE,"Via C. Maccari 117/119, 50142 Firenze, FI, Toscana, Italia",43.7697955,11.2556404,"Firenze, Toscana, Italia",TROVATO_COMUNE
ESE,Aperto,CONSORZIO SERVIZI GAS s.r.l.,AG367,FR19004,Via I Settembre 42/48,Messina,98122,ME,Sicilia,AG367 - MESSINA,"Via I Settembre 42/48, 98122 Messina, ME, Sicilia, Italia",38.1904697,15.5560279,"Via Primo Settembre, Le Quattro Fontane, Il Tirone, IV Circoscrizione, Messina, Sicilia, 98122, Italia",TROVATO
ESE,Aperto,CONSORZIO SERVIZI GAS s.r.l.,AG367,FR19016,Via Risorgimento 153,Milazzo,98057,ME,Sicilia,AG367 - MILAZZO,"Via Risorgimento 153, 98057 Milazzo, ME, Sicilia, Italia",38.2250398,15.2385903,"153, Via Risorgimento, Parco, Milazzo, Messina, Sicilia, 98057, Italia",TROVATO
WINDOWS,Aperto,MAIN SOLUTION,AGA78,,VIA DEI PUGLIESI 13,CORIGLIANO Calabro,87064,CS,Calabria,AGA78-W-CORIGLIANO CALABRO,"VIA DEI PUGLIESI 13, 87064 CORIGLIANO Calabro, CS, Calabria, Italia",39.595173,16.5175366,"Corigliano Calabro, Corigliano-Rossano, Cosenza, Calabria, 87064, Italia",TROVATO_COMUNE
ESE,Aperto,CUSTOM SALES,AG927,FR03989,Via Vittorio Veneto 61,Luino,21016,VA,Lombardia,AG927 - LUINO,"Via Vittorio Veneto 61, 21016 Luino, VA, Lombardia, Italia",46.0003389,8.7407608,"Via Vittorio Veneto, Voldomino, Luino, Comunità Montana Valli del Verbano, Varese, Lombardia, 21016, Italia",TROVATO
ESE,Aperto,CUSTOM SALES,AG927,FR03925,Via Carlo Prina 7/9,Monza,20900,MB,Lombardia,AG927 - MONZA,"Via Carlo Prina 7/9, 20900 Monza, MB, Lombardia, Italia",45.5876758,9.266957,"Via Carlo Prina, Borghetto, San Biagio, Monza, Monza e della Brianza, Lombardia, 20900, Italia",TROVATO
ESE,Aperto,CUSTOM SALES,AG927,FR03990,"Via XX Settembre 43, ang. Via Roma",Pavia,27100,PV,Lombardia,AG927 - PAVIA,"Via XX Settembre 43, ang. Via Roma, 27100 Pavia, PV, Lombardia, Italia",45.1860043,9.1546375,"Pavia, Lombardia, 27100, Italia",TROVATO_COMUNE
ESE,Aperto,CUSTOM SALES,AG927,FR08942,Via Genova 4/C,Piacenza,29122,PC,Emilia-Romagna,AG927 - Piacenza,"Via Genova 4/C, 29122 Piacenza, PC, Emilia-Romagna, Italia",45.0455513,9.684626,"4c, Via Genova, Infrangibile, Piacenza, Emilia-Romagna, 29121, Italia",TROVATO
ESE,Aperto,CUSTOM SALES,AG927,FR03941,Via Madre Francesca Cabrini 39,Sant'Angelo Lodigiano,26866,LO,Lombardia,AG927 - SANT’ANGELO LODIGIANO,"Via Madre Francesca Cabrini 39, 26866 Sant'Angelo Lodigiano, LO, Lombardia, Italia",45.238067,9.408656,"Sant'Angelo Lodigiano, Lodi, Lombardia, 26866, Italia",TROVATO_COMUNE
ESE,Aperto,D.G.S. SRL,AG333,FR19009,Via R. Livatino 176/178,Enna,94100,EN,Sicilia,AG333 - ENNA E AGIRA,"Via R. Livatino 176/178, 94100 Enna, EN, Sicilia, Italia",37.5667573,14.2807473,"Enna, Sicilia, 94100, Italia",TROVATO_COMUNE
ESE,Aperto,D.G.S. SRL,AG333,FR19009,Via Nino Bixio 33/35,Piazza Armerina,94015,EN,Sicilia,AG333 - ENNA E AGIRA,"Via Nino Bixio 33/35, 94015 Piazza Armerina, EN, Sicilia, Italia",37.39156,14.3709019,"Via Nino Bixio, Piazza Armerina, Enna, Sicilia, 94015, Italia",TROVATO
WINDOWS,Aperto,EASY LIFE,AGA12,,Via Mazzini 3,MONTEROTONDO,00015,RM,Lazio,AGA12 - MONTEROTONDO,"Via Mazzini 3, 00015 MONTEROTONDO, RM, Lazio, Italia",42.0533918,12.6273546,"Via Giuseppe Mazzini, Monterotondo, Roma Capitale, Lazio, 00015, Italia",TROVATO
WINDOWS,Aperto,EASY LIFE,AGA12,,Via Augusto Terenzi 31/33/35,ROMA,00169,RM,Lazio,AGA12-W-ROMA TORRE SPACCATA,"Via Augusto Terenzi 31/33/35, 00169 ROMA, RM, Lazio, Italia",41.8688678,12.5702335,"Via Augusto Terenzi, Torre Spaccata, Municipio Roma VII, Roma, Roma Capitale, Lazio, 00172, Italia",TROVATO
ESE,Aperto,EASY LIFE,AGA12,FR12A13,Via Flaminia 12,Castelnuovo di Porto,00060,RM,Lazio,AGA12 - CASTELNUOVO DI PORTO,"Via Flaminia 12, 00060 Castelnuovo di Porto, RM, Lazio, Italia",42.1263165,12.4932877,"Via Flaminia, Monte Vario, Castelnuovo di Porto, Roma Capitale, Lazio, 00067, Italia",TROVATO
WINDOWS,Aperto,EASY LIFE,AGA12,,Via Roma 13,Fiano Romano,00065,Rm,Lazio,AGA12-W-FIANO ROMANO,"Via Roma 13, 00065 Fiano Romano, Rm, Lazio, Italia",42.1718884,12.5923587,"13, Via Roma, Fiano Romano, Roma Capitale, Lazio, 00065, Italia",TROVATO
WINDOWS,Aperto,GREEN ADVISOR,AG870,,Largo Antonio Beltramelli 31,Roma,00057,RM,Lazio,AG870 - ROMA,"Largo Antonio Beltramelli 31, 00057 Roma, RM, Lazio, Italia",41.9101724,12.5378475,"Largo Antonio Beltramelli, Municipio Roma IV, Roma, Roma Capitale, Lazio, 00159, Italia",TROVATO
ESE,Aperto,G.R. SERVIZI SRL,AG307,FR02001,Via Chambery 145/47,Aosta,11100,AO,Valle D'Aosta,AG307 - SD_GR SERVIZI_AOSTA,"Via Chambery 145/47, 11100 Aosta, AO, Valle D'Aosta, Italia",45.7373075,7.3204025,"Aosta / Aoste, Valle d'Aosta / Vallée d'Aoste, 11100, Italia",TROVATO_COMUNE
ESE,Aperto,G.R. SERVIZI SRL,AG307,FR01A34,Via F.lli Rosselli 104,Biella,13900,BI,Piemonte,AG307 - BIELLA,"Via F.lli Rosselli 104, 13900 Biella, BI, Piemonte, Italia",45.5664109,8.0542758,"Biella, Piemonte, 13900, Italia",TROVATO_COMUNE
WINDOWS,Aperto,ENER.GAS SRL,AG352,,Via Borgognissanti 103,Firenze,50123,FI,Toscana,AG352-W-FIRENZE,"Via Borgognissanti 103, 50123 Firenze, FI, Toscana, Italia",43.7697955,11.2556404,"Firenze, Toscana, Italia",TROVATO_COMUNE
ESE,Aperto,ENER.GAS SRL,AG352,FR09020,Via Chiarugi 16/18,Empoli,50053,FI,Toscana,AG352 - EMPOLI,"Via Chiarugi 16/18, 50053 Empoli, FI, Toscana, Italia",43.7198454,10.9419118,"Via Vincenzo Chiarugi, Serravalle, Empoli, Unione dei Comuni Circondario dell'Empolese Valdelsa, Firenze, Toscana, 50053, Italia",TROVATO
ESE,Aperto,ENER.GAS SRL,AG352,FR09012,Via Benedetto Dei 78/80,Firenze,50127,FI,Toscana,AG352 - Q5 FIRENZE SESTO,"Via Benedetto Dei 78/80, 50127 Firenze, FI, Toscana, Italia",43.797385,11.2336777,"Via Benedetto Dei, Firenze Nova, Novoli, Quartiere 5, Firenze, Toscana, 50127, Italia",TROVATO
ESE,Aperto,ENERGIA GIUSTA S.r.l. UNIPERSONALE,AG707,FR04730,Largo Salvo D’Acquisto 24,Bussolengo,37012,VR,Veneto,AG707 - SD_MG_BUSSOLENGO,"Largo Salvo D’Acquisto 24, 37012 Bussolengo, VR, Veneto, Italia",45.4675517,10.8504594,"Largo Salvo D'Acquisto, Tezzetta, Bussolengo, Verona, Veneto, 37012, Italia",TROVATO
ESE,Aperto,ENERGIA GIUSTA S.r.l. UNIPERSONALE,AG707,FR04906,Via Valsugana 102,Cassola,36022,VI,Veneto,AG707 - Bassano del Grappa,"Via Valsugana 102, 36022 Cassola, VI, Veneto, Italia",45.7457544,11.7526079,"Via Valsugana, Borgo Asiago, San Zeno, Cassola, Vicenza, Veneto, 36022, Italia",TROVATO
ESE,Aperto,G.R. SERVIZI SRL,AG307,FR01523,Via Renzo Cattaneo 2,Collegno,10093,TO,Piemonte,AG307 - COLLEGNO,"Via Renzo Cattaneo 2, 10093 Collegno, TO, Piemonte, Italia",45.0723732,7.5844966,"Via Renzo Cattaneo, Regina Margherita, Borgata Paradiso, Collegno, Torino, Piemonte, 10093, Italia",TROVATO
ESE,Aperto,MAIN SOLUTION,AGA78,FR18A79,Via Argine Destro Annunziata 11 D/E/F,Reggio Calabria,89121,RC,Calabria,AGA78 - REGGIO CALABRIA,"Via Argine Destro Annunziata 11 D/E/F, 89121 Reggio Calabria, RC, Calabria, Italia",38.1035389,15.6397556,"Reggio di Calabria, Reggio Calabria, Calabria, Italia",TROVATO_COMUNE
ESE,Aperto,ENERGIA GIUSTA S.r.l. UNIPERSONALE,AG707,FR03846,Via Monte Grappa 32,Desenzano Del Garda,25015,BS,Lombardia,AG707 - DESENZANO DEL GARDA,"Via Monte Grappa 32, 25015 Desenzano Del Garda, BS, Lombardia, Italia",45.4685565,10.5378724,"Via Monte Grappa, Desenzano del Garda, Brescia, Lombardia, 25015, Italia",TROVATO
ESE,Aperto,G.R. SERVIZI SRL,AG307,FR01046,Via Stradella 226,Torino,10147,TO,Piemonte,AG307 - SD_GR SERVIZI_TO_VALLE,"Via Stradella 226, 10147 Torino, TO, Piemonte, Italia",45.1035525,7.6655014,"226, Via Stradella, Madonna di Campagna, Circoscrizione 5, Torino, Piemonte, 10147, Italia",TROVATO
WINDOWS,Aperto,ENERGIA GIUSTA S.r.l. UNIPERSONALE,AG707,FR12A64,via di Gabriello Chiabrera 44,Roma,00124,RM,Lazio,AG707-W-ROMA SAN PAOLO,"via di Gabriello Chiabrera 44, 00124 Roma, RM, Lazio, Italia",41.8933203,12.4829321,"Roma, Roma Capitale, Lazio, Italia",TROVATO_COMUNE
WINDOWS,Aperto,ENERGIA GIUSTA S.r.l. UNIPERSONALE,AG707,FR12A67,via Aldo Moro 327,Frosinone,03100,FR,Lazio,AG707-W-FROSINONE,"via Aldo Moro 327, 03100 Frosinone, FR, Lazio, Italia",41.6455771,13.347888,"Via Aldo Moro, De Matthaeis, Frosinone, Lazio, 03100, Italia",TROVATO
ESE,Aperto,G.R. SERVIZI SRL,AG307,FR01746,Via Nizza 378,Torino,10127,TO,Piemonte,AG307 - SD_GR TORINO MIRAFIORI,"Via Nizza 378, 10127 Torino, TO, Piemonte, Italia",45.0191161,7.6619536,"378, Via Nizza, Italia '61, Nizza Millefonti, Circoscrizione 8, Torino, Piemonte, 10127, Italia",TROVATO
WINDOWS,Aperto,ENERGIA GIUSTA S.r.l. UNIPERSONALE,AG707,FR12A68,via Volta 15,Aprilia,04011,LT,Lazio,AG707-W-APRILIA,"via Volta 15, 04011 Aprilia, LT, Lazio, Italia",41.5972497,12.6501138,"Via Alessandro Volta, Aprilia, Latina, Lazio, 04011, Italia",TROVATO
WINDOWS,Aperto,ENERGIA GIUSTA S.r.l. UNIPERSONALE,AG707,FR12A65,Viale caduti nella guerra di liberazione 402,Roma,00128,RM,Lazio,AG707-W-ROMA LIBERAZIONE,"Viale caduti nella guerra di liberazione 402, 00128 Roma, RM, Lazio, Italia",41.8933203,12.4829321,"Roma, Roma Capitale, Lazio, Italia",TROVATO_COMUNE
WINDOWS,Aperto,SMART LINE SERVICE SRL,AG127,FR14B97,Via Stamira 4C,Roma,00162,RM,Lazio,AG127-W-P.ZA BOLOGNA RM,"Via Stamira 4C, 00162 Roma, RM, Lazio, Italia",41.9133279,12.52333,"Via Stamira, Nomentano, Municipio Roma II, Roma, Roma Capitale, Lazio, 00162, Italia",TROVATO
ESE,Aperto,ENERGIA GIUSTA S.r.l. UNIPERSONALE,AG707,FR06920,Piazza della Vittoria 10,Gorizia,34170,GO,Friuli Venezia Giulia,AG707 - GORIZIA,"Piazza della Vittoria 10, 34170 Gorizia, GO, Friuli Venezia Giulia, Italia",45.9459165,13.62535,"10, Piazza della Vittoria, Piazzutta / Placuta, Piuma / Pevma, Gorizia, Gorizia / Gurize / Gorica, Friuli-Venezia Giulia, 34170, Italia",TROVATO
ESE,Aperto,ENERGIA GIUSTA S.r.l. UNIPERSONALE,AG707,FR04810,Via Roma Destra 77,Jesolo,30016,VE,Veneto,AG707 - JESOLO,"Via Roma Destra 77, 30016 Jesolo, VE, Veneto, Italia",45.5193611,12.6385247,"Via Roma Destra, Borgo I.N.A., Lido di Jesolo, Jesolo, Venezia, Veneto, 30016, Italia",TROVATO
ESE,Aperto,ENERGIA GIUSTA S.r.l. UNIPERSONALE,AG707,FR06A70,Piazza Garibaldi 18,Latisana,33053,UD,Friuli Venezia Giulia,AG707 - LATISANA,"Piazza Garibaldi 18, 33053 Latisana, UD, Friuli Venezia Giulia, Italia",45.7756418,12.9960458,"18, Piazza Giuseppe Garibaldi, Sabbionera / Sabionere, Latisanotta / Tisanote, Latisana / Tisane, Udine / Udin / Videm, Friuli-Venezia Giulia, 33053, Italia",TROVATO
ESE,Aperto,ENERGIA ITALIA SPA,AG267,FR19022,Via Caporal Maggiore Magrì 31,Canicattì,82024,AG,Sicilia,AG267 - AGRIGENTO,"Via Caporal Maggiore Magrì 31, 82024 Canicattì, AG, Sicilia, Italia",37.3574496,13.8496385,"Via Caporal Maggiore Magrì, Rovitelli, Canicattì, Agrigento, Sicilia, 92024, Italia",TROVATO
ESE,Aperto,ENERGIA ITALIA SPA,AG267,FR03576,Via Cooperazione 43,Cusano Milanino,20095,MI,Lombardia,AG267 - CUSANO,"Via Cooperazione 43, 20095 Cusano Milanino, MI, Lombardia, Italia",45.552138,9.1836966,"Cusano Milanino, Zona Omogenea Milano Nord, Milano, Lombardia, 20095, Italia",TROVATO_COMUNE
ESE,Aperto,ENERGIA ITALIA SPA,AG267,FR19759,Via Giovanni Matera 15,Trapani,91100,TP,Sicilia,AG267 - SEDE_TRAPANI,"Via Giovanni Matera 15, 91100 Trapani, TP, Sicilia, Italia",38.0187379,12.5239591,"Via Generale Giovanni Matera, Trapani, Sicilia, 91100, Italia",TROVATO_FALLBACK
ESE,Aperto,ENERGIA ITALIA SPA,AG267,FR19834,Via Archimede 317\319,Ragusa,87100,RG,Sicilia,AG267 - RAGUSA,"Via Archimede 317\319, 87100 Ragusa, RG, Sicilia, Italia",37.0911854,14.7620069,"Via Archimede, Monterosso Almo, Ragusa, Sicilia, 97010, Italia",TROVATO
ESE,Aperto,ENERGIA ITALIA SPA,AG267,FR09864,Via Aretina 5A/R,Firenze,50136,FI,Toscana,AG267 - FIRENZE Q2,"Via Aretina 5A/R, 50136 Firenze, FI, Toscana, Italia",43.7695249,11.2826092,"5/A R, Via Aretina, Bellariva, Quartiere 2, Firenze, Toscana, 50136, Italia",TROVATO
ESE,Aperto,ENERGIA ITALIA SPA,AG267,FR19A04,Via Francesco Paolo Di Blasi 35/39,Palermo,90144,PA,Sicilia,AG267 - PALERMO,"Via Francesco Paolo Di Blasi 35/39, 90144 Palermo, PA, Sicilia, Italia",38.1391544,13.3435028,"Via Francesco Paolo di Blasi, Quartiere Matteotti, VIII Circoscrizione, Palermo, Sicilia, 90144, Italia",TROVATO
FLAGSHIP,Aperto,ENI PLENITUDE,AG611,,c.so Buenos aires 3 angolo panfilo Castaldi 41,Milano,20124,MI,Lombardia,AG611 - FLAGSHIP_MILANO,"c.so Buenos aires 3 angolo panfilo Castaldi 41, 20124 Milano, MI, Lombardia, Italia",45.4641943,9.1896346,"Milano, Rodano, Milano, Lombardia, Italia",TROVATO_COMUNE
FLAGSHIP,Aperto,ENI PLENITUDE,AG613,,C.so del Popolo 67,Treviso,31100,TV,Veneto,AG613 - FLAGSHIP_TREVISO,"C.so del Popolo 67, 31100 Treviso, TV, Veneto, Italia",45.6643072,12.245421,"67, Corso del Popolo, San Zeno, Treviso, Veneto, 31100, Italia",TROVATO
FLAGSHIP,Aperto,ENI PLENITUDE,AG615,,C.so Garibaldi 9,Padova,35122,PD,Veneto,AG615 - FLAGSHIP_PADOVA,"C.so Garibaldi 9, 35122 Padova, PD, Veneto, Italia",45.4100269,11.8780827,"Corso Giuseppe Garibaldi, Arcella, Padova, Veneto, 35100, Italia",TROVATO
FLAGSHIP,Aperto,ENI PLENITUDE,AG617,,Via Ugo Bassi 25/E,Bologna,40121,BO,Emilia-Romagna,AG617 - FLAGSHIP_BOLOGNA,"Via Ugo Bassi 25/E, 40121 Bologna, BO, Emilia-Romagna, Italia",44.4950204,11.3417972,"Via Ugo Bassi, Pioggia, Malpighi, Porto-Saragozza, Bologna, Emilia-Romagna, 40121, Italia",TROVATO
FLAGSHIP,Aperto,ENI PLENITUDE,AG619,,C.so Palladio 2-4,Vicenza,36100,VI,Veneto,AG619 - FLAGSHIP_VICENZA,"C.so Palladio 2-4, 36100 Vicenza, VI, Veneto, Italia",45.546277,11.5566829,"Vicenza, Veneto, 36100, Italia",TROVATO_COMUNE
FLAGSHIP,Aperto,ENI PLENITUDE,AG784,,Strada della Repubblica 6,Parma,43121,PR,Emilia-Romagna,AG784 - FLAGSHIP_PARMA,"Strada della Repubblica 6, 43121 Parma, PR, Emilia-Romagna, Italia",44.8012225,10.3293884,"Plenitude, 6/b, Strada della Repubblica, Parma Centro, Parma, Emilia-Romagna, 43121, Italia",TROVATO
FLAGSHIP,Aperto,ENI PLENITUDE,AG815,,via San Vincenzo 106,Genova,16121,GE,Liguria,AG815 - FLAGSHIP_GENOVA,"via San Vincenzo 106, 16121 Genova, GE, Liguria, Italia",44.4070713,8.9427744,"Via San Vincenzo, Quadrilatero, San Vincenzo, Centro Est, Genova, Liguria, 16121, Italia",TROVATO
FLAGSHIP,Aperto,ENI PLENITUDE,AG817,,"Via Einaidi 5, CC Elnos",Roncadelle,25121,BS,Lombardia,AG817 - FLAGSHIP_BRESCIA,"Via Einaidi 5, CC Elnos, 25121 Roncadelle, BS, Lombardia, Italia",45.5276081,10.1497012,"Roncadelle, Brescia, Lombardia, 25030, Italia",TROVATO_COMUNE
FLAGSHIP,Aperto,ENI PLENITUDE,AG833,,Corso Porta Borsari 53,Verona,37121,VR,Veneto,AG833 - FLAGSHIP_VERONA,"Corso Porta Borsari 53, 37121 Verona, VR, Veneto, Italia",45.4420491,10.9937382,"53, Corso Porta Borsari, Città antica, Centro storico, Verona, Veneto, 37121, Italia",TROVATO
FLAGSHIP,Aperto,ENI PLENITUDE,AG882,,Via Gelso Bianco - Centro Commerciale «le porte di Catania»,Catania,95121,CT,Sicilia,AG882 - FLAGSHIP_CATANIA,"Via Gelso Bianco - Centro Commerciale «le porte di Catania», 95121 Catania, CT, Sicilia, Italia",37.5023612,15.0873718,"Catania, Sicilia, Italia",TROVATO_COMUNE
FLAGSHIP,Aperto,ENI PLENITUDE,AG910,,Via Giuseppe Garibaldi 22,Torino,10122,TO,Piemonte,AG910 - FLAGSHIP_TORINO,"Via Giuseppe Garibaldi 22, 10122 Torino, TO, Piemonte, Italia",45.0737156,7.6782475,"Museo Storico Reale Mutua, 22, Via Giuseppe Garibaldi, Quadrilatero Romano, Centro, Circoscrizione 1, Torino, Piemonte, 10122, Italia",TROVATO
FLAGSHIP,Aperto,ENI PLENITUDE,AG911,,Via Emilia Santo Stefano 1/d,Reggio Emilia,42121,RE,Emilia-Romagna,AG911 - FLAGSHIP_REGGIO EMILIA,"Via Emilia Santo Stefano 1/d, 42121 Reggio Emilia, RE, Emilia-Romagna, Italia",44.6987267,10.6305948,"1d, Via Emilia Santo Stefano, San Francesco-Giardini Pubblici, Reggio Emilia, Reggio nell'Emilia, Emilia-Romagna, 42121, Italia",TROVATO
FLAGSHIP,Aperto,ENI PLENITUDE,AG940,,Via Tiraboschi 46,Bergamo,24122,BG,Lombardia,AG940 - FLAGSHIP_BERGAMO,"Via Tiraboschi 46, 24122 Bergamo, BG, Lombardia, Italia",45.6932899,9.6680785,"Mi-NY cosmetici, 46, Via Gerolamo Tiraboschi, Finazzi, Città Alta, Bergamo, Lombardia, 24122, Italia",TROVATO
FLAGSHIP,Aperto,ENI PLENITUDE-ENERGIA GIUSTA,AGA51,,Largo della Barriera Vecchia 4,Trieste,34129,TS,Friuli Venezia Giulia,AGA51 - FLAGSHIP_TRIESTE IBRIDO,"Largo della Barriera Vecchia 4, 34129 Trieste, TS, Friuli Venezia Giulia, Italia",45.6483633,13.7794135,"4, Largo della Barriera Vecchia, Montuzza, Barriera Vecchia, Barriera Vecchia-San Giacomo, Trieste, Friuli-Venezia Giulia, 34129, Italia",TROVATO
FLAGSHIP,Aperto,ENI PLENITUDE-ASSIST,AGC10,,Viale Europa n.67,Roma,00144,RM,Lazio,AGC10 - FLAGSHIP_RM_EU_IBRIDO,"Viale Europa n.67, 00144 Roma, RM, Lazio, Italia",41.8323447,12.4639859,"Viale Europa, E.U.R., Municipio Roma IX, Roma, Roma Capitale, Lazio, 00144, Italia",TROVATO
ESE,Aperto,G.A.S SOLAR TECHNOLOGIE SRL,AG929,FR16930,Via Appia 125,Brindisi,72100,BR,Puglia,AG929 - BRINDISI,"Via Appia 125, 72100 Brindisi, BR, Puglia, Italia",40.6274053,17.9220311,"Via Appia, Cappuccini, Brindisi, Puglia, 72100, Italia",TROVATO
WINDOWS,Aperto,G.A.S SOLAR TECHNOLOGIE SRL,AG929,,Via Lamarmora 17,Lecce,73050,LE,Puglia,AG929-W-LECCE,"Via Lamarmora 17, 73050 Lecce, LE, Puglia, Italia",39.8970113,18.100411,"Via Lamarmora, Mare Verde, Torre San Giovanni, Ugento, Lecce, Puglia, 73059, Italia",TROVATO
ESE,Aperto,G.A.S SOLAR TECHNOLOGIE SRL,AG929,FR16A73,Viale Liguria 109,Taranto,74121,TA,Puglia,AG929 - TARANTO,"Viale Liguria 109, 74121 Taranto, TA, Puglia, Italia",40.4575081,17.2626868,"Viale Liguria, Taranto, Puglia, 74121, Italia",TROVATO
ESE,Aperto,ENERGIA GIUSTA S.r.l. UNIPERSONALE,AG707,FR04809,Riviera XX Settembre 50/52 angolo via N. Sauro 19,Mestre,30171,VE,Veneto,AG707 - MESTRE,"Riviera XX Settembre 50/52 angolo via N. Sauro 19, 30171 Mestre, VE, Veneto, Italia",45.4943063,12.2418053,"Mestre, Venezia, Veneto, 30170, Italia",TROVATO_COMUNE
ESE,Aperto,ENERGIA GIUSTA S.r.l. UNIPERSONALE,AG707,FR04852,Via Montegrappa 23,Montebelluna,31044,TV,Veneto,AG707 - MONTEBELLUNA,"Via Montegrappa 23, 31044 Montebelluna, TV, Veneto, Italia",45.7679035,12.0459826,"Montebelluna, Treviso, Veneto, 31044, Italia",TROVATO_COMUNE
ESE,Aperto,ENERGIA GIUSTA S.r.l. UNIPERSONALE,AG707,FR03977,Via Falcone 12,Montichiari,25018,BS,Lombardia,AG707 - MONTICHIARI,"Via Falcone 12, 25018 Montichiari, BS, Lombardia, Italia",45.4105823,10.4060298,"Bar Sorriso, 12, Via Giovanni Falcone, Boschetti, Montichiari, Brescia, Lombardia, 25018, Italia",TROVATO
ESE,Aperto,ENERGIA GIUSTA S.r.l. UNIPERSONALE,AG707,FR06919,Piazza Risorgimento 19,Pordenone,33170,PN,Friuli Venezia Giulia,AG707 - PORDENONE,"Piazza Risorgimento 19, 33170 Pordenone, PN, Friuli Venezia Giulia, Italia",45.9589432,12.663512,"19, Piazza Risorgimento, San Giorgio, Borgo Meduna / Borc de Midune, Pordenone / Pordenon, Friuli-Venezia Giulia, 33170, Italia",TROVATO
ESE,Aperto,ENERGIA GIUSTA S.r.l. UNIPERSONALE,AG707,FR04996,Via Vittorio Emanuele 61,Quinto di Treviso,31055,TV,Veneto,AG707 - QUINTO DI TREVISO,"Via Vittorio Emanuele 61, 31055 Quinto di Treviso, TV, Veneto, Italia",45.6448523,12.1660898,"Via Vittorio Emanuele, Zecchina, Quinto di Treviso, Treviso, Veneto, 31055, Italia",TROVATO
ESE,Aperto,ENERGIA GIUSTA S.r.l. UNIPERSONALE,AG707,FR12943,Via Amedeo Bocchi 178,Roma,00125,RM,Lazio,AG707 - Roma Acilia,"Via Amedeo Bocchi 178, 00125 Roma, RM, Lazio, Italia",41.7740122,12.3517316,"Via Amedeo Bocchi, Casal Palocco, Municipio Roma X, San Giorgio di Acilia, Roma, Roma Capitale, Lazio, 00125, Italia",TROVATO
ESE,Aperto,G.M.G.3 SRL,AG351,FR09039,Via  Roma 171,Bagno a Ripoli,50022,FI,Toscana,AG351 - GREVE IN CHIANTI,"Via  Roma 171, 50022 Bagno a Ripoli, FI, Toscana, Italia",43.7522072,11.3199645,"171, Via Roma, Quarto, Bagno a Ripoli, Firenze, Toscana, 50012, Italia",TROVATO
ESE,Aperto,G.M.G.3 SRL,AG351,FR09956,Via Cucchiari 2e/f,Carrara,54033,MS,Toscana,AG351 - CARRARA,"Via Cucchiari 2e/f, 54033 Carrara, MS, Toscana, Italia",44.0769971,10.1030518,"Via Domenico Cucchiari, La Foce, Codena, Carrara, Massa-Carrara, Toscana, 54033, Italia",TROVATO_FALLBACK
ESE,Aperto,G.R. SERVIZI SRL,AG307,FR01703,Corso Matteotti 3 B/C,Venaria Reale,10078,TO,Piemonte,AG307 - SEDE_VENARIA_REALE_TO,"Corso Matteotti 3 B/C, 10078 Venaria Reale, TO, Piemonte, Italia",45.1289356,7.6262275,"Corso Giacomo Matteotti, Centro, Altessano, Venaria Reale, Torino, Piemonte, 10078, Italia",TROVATO
WINDOWS,Aperto,G.M.G.3 SRL,AG351,,Via Montebello 46,FERRARA,44121,FE,Emilia-Romagna,AG351-W-FERRARA,"Via Montebello 46, 44121 FERRARA, FE, Emilia-Romagna, Italia",44.8389438,11.6276698,"46, Via Montebello, Centro cittadino, Borgo Punta, Ferrara, Emilia-Romagna, 44123, Italia",TROVATO
WINDOWS,Aperto,G.M.G.3 SRL,AG351,,Via Oberdan 57,Pietrasanta,55047,Lu,Toscana,AG351-W-PIETRASANTA,"Via Oberdan 57, 55047 Pietrasanta, Lu, Toscana, Italia",43.9579841,10.2290369,"Via Guglielmo Oberdan, Capriglia, Pietrasanta, Unione dei comuni della Versilia, Lucca, Toscana, 55045, Italia",TROVATO
MALL,Aperto,QITALIA,AG660,,VIA SAN QUIRICO 165,CAMPI BISENZIO,50013,FI,Toscana,AG660 - GIGLI FIRENZE,"VIA SAN QUIRICO 165, 50013 CAMPI BISENZIO, FI, Toscana, Italia",43.8462835,11.1421341,"Piazza Italia, 165, Via San Quirico, Santa Maria, Il Rosi, Campi Bisenzio, Firenze, Toscana, 50013, Italia",TROVATO
ESE,Aperto,G.M.G.3 SRL,AG351,FR09038,Via Empolese 65,Pieve a Nievole,51018,PT,Toscana,AG351 - MONTECATINI,"Via Empolese 65, 51018 Pieve a Nievole, PT, Toscana, Italia",43.8744244,10.8028341,"65, Via Empolese, La Colonna, Via Nova, Pieve a Nievole, Pistoia, Toscana, 51018, Italia",TROVATO
ESE,Aperto,G.M.G.3 SRL,AG351,FR09040,Viale Adua 389/b,Pistoia,51100,PT,Toscana,AG351 - PISTOIA,"Viale Adua 389/b, 51100 Pistoia, PT, Toscana, Italia",43.9301257,10.9004207,"Viale Adua, Pontelungo, Pistoia, Toscana, 51100, Italia",TROVATO
ESE,Aperto,G.M.G.3 SRL,AG351,FR09877,Via Mazzini 245,Viareggio,50049,LU,Toscana,AG351 - VIAREGGIO,"Via Mazzini 245, 50049 Viareggio, LU, Toscana, Italia",43.8719915,10.2479524,"Via Giuseppe Mazzini, Fontanini, Viareggio, Unione dei comuni della Versilia, Lucca, Toscana, 55043, Italia",TROVATO
MALL,Aperto,QITALIA,AG660,,VIA DELLA VALTIERA 181,COLLESTRADA,06135,PG,Umbria,AG660 - PERUGIA,"VIA DELLA VALTIERA 181, 06135 COLLESTRADA, PG, Umbria, Italia",43.0883514,12.466989,"181, Via della Valtiera, Borgo Collestrada, Collestrada, Perugia, Umbria, 06135, Italia",TROVATO
MALL,Aperto,QITALIA,AG660,,VIA ENRICO FERMI 1,CURNO,24035,BG,Lombardia,AG660 - Curno,"VIA ENRICO FERMI 1, 24035 CURNO, BG, Lombardia, Italia",45.68327,9.617215,"Auchan, 1, Via Enrico Fermi, Curno, Bergamo, Lombardia, 24035, Italia",TROVATO
MALL,Aperto,QITALIA,AG660,,VIA RAFFAELLO SANZIO 199,EMPOLI,10053,FI,Toscana,AG660 - EMPOLI,"VIA RAFFAELLO SANZIO 199, 10053 EMPOLI, FI, Toscana, Italia",43.7137137,10.9236431,"CENTRO*Empoli, 199, Via Raffaello Sanzio, Lucchese Est, Avane, Empoli, Unione dei Comuni Circondario dell'Empolese Valdelsa, Firenze, Toscana, 50053, Italia",TROVATO
ESE,Aperto,GASCONTROL SRL,AG340,FR16002,Via Bisceglie 8,Andria,76123,BT,Puglia,AG340 - ANDRIA ASCOLI SATRIANO,"Via Bisceglie 8, 76123 Andria, BT, Puglia, Italia",41.2258463,16.3078269,"Eni plenitude Store, 8, Via Bisceglie, Andria, Barletta-Andria-Trani, Puglia, 76123, Italia",TROVATO
ESE,Aperto,GASCONTROL SRL,AG340,FR16014,Via Torino 22/24,Barletta,76121,BT,Puglia,AG340 - BARLETTA E M.DI SAVOIA,"Via Torino 22/24, 76121 Barletta, BT, Puglia, Italia",41.3156804,16.2767141,"Via Torino, Centro, Barletta, Barletta-Andria-Trani, Puglia, 76121, Italia",TROVATO
ESE,Aperto,GASCONTROL SRL,AG340,FR16006,Piazza Aldo Moro 7,Molfetta,70056,BA,Puglia,AG340 - MOLFETTA E BISCEGLIE,"Piazza Aldo Moro 7, 70056 Molfetta, BA, Puglia, Italia",41.1962296,16.5968056,"Piazza Aldo Moro, Villaggio Belgiovine, Molfetta, Bari, Puglia, 70056, Italia",TROVATO
ESE,Aperto,GASCONTROL SRL,AG340,FR16763,Viale Armando Diaz 31,Corato,70033,BA,Puglia,AG340 - RUVO E CORATO,"Viale Armando Diaz 31, 70033 Corato, BA, Puglia, Italia",41.1535877,16.4167417,"Viale Armando Diaz, Corato, Bari, Puglia, 70033, Italia",TROVATO
ESE,Aperto,GASCONTROL SRL,AG340,FR16766,Via Matteo Renato Imbriani 108,Canosa di Puglia,70012,BT,Puglia,AG340 - CANOSA DI PUGLIA,"Via Matteo Renato Imbriani 108, 70012 Canosa di Puglia, BT, Puglia, Italia",41.2159785,16.0608209,"Via Matteo Renato Imbriani, Canosa di Puglia, Barletta-Andria-Trani, Puglia, 76012, Italia",TROVATO
WINDOWS,Aperto,GEMINI,AG527,,Via Vittorio Veneto 49,PIGNATARO MAGGIORE,81052,CE,Campania,AG527-W-PIGNATARO MAGGIORE,"Via Vittorio Veneto 49, 81052 PIGNATARO MAGGIORE, CE, Campania, Italia",41.1879256,14.170409,"Via Vittorio Veneto, Pignataro Maggiore, Pignataro Scalo, Pignataro Maggiore, Caserta, Campania, 81052, Italia",TROVATO
WINDOWS,Aperto,GEMINI,AG527,,Via Monsignor Gennaro Verolino 19,ACERRA,80011,,Campania,AG527-W-ACERRA,"Via Monsignor Gennaro Verolino 19, 80011 ACERRA, , Campania, Italia",40.9426977,14.3725017,"Via Monsignor Gennaro Verolino, Acerra, Napoli, Campania, 80011, Italia",TROVATO
MALL,Aperto,GREEN ADVISOR,AG870,,VIA ALBERTO LIONELLO 201,ROMA,00139,RM,Lazio,AG870-W-ROMA TIBURTINA,"VIA ALBERTO LIONELLO 201, 00139 ROMA, RM, Lazio, Italia",41.9706418,12.5395634,"Nuvolari c.c. Porta di Roma, 201, Via Alberto Lionello, Porta di Roma, Castel Giubileo, Municipio Roma III, Roma, Roma Capitale, Lazio, 00139, Italia",TROVATO
MALL,Aperto,GREEN ADVISOR,AG870,,VIA COLLATINA,ROMA,00132,RM,Lazio,AG870-W-ROMA TIBURTINA,"VIA COLLATINA, 00132 ROMA, RM, Lazio, Italia",41.9224781,12.6674167,"Via Collatina, Municipio Roma VI, Roma, Roma Capitale, Lazio, 00132, Italia",TROVATO
MALL,Aperto,QITALIA,AG660,,Via Crea 10 (CC LE GRU),GRUGLIASCO,10095,TO,Piemonte,AG660 - GRUGLIASCO,"Via Crea 10 (CC LE GRU), 10095 GRUGLIASCO, TO, Piemonte, Italia",45.0577077,7.6147814,"Via Crea, Shopville Le Gru, Grugliasco, Torino, Piemonte, 10195, Italia",TROVATO
WINDOWS,Aperto,GREEN ADVISOR,AG870,,Via Troilo Il Grande 84-86,ROMA,00131,RM,Lazio,AG870 - ROMA EST,"Via Troilo Il Grande 84-86, 00131 ROMA, RM, Lazio, Italia",41.9473814,12.6008752,"Via Troilo il Grande, Settecamini, Casal Monastero, Roma, Roma Capitale, Lazio, 00131, Italia",TROVATO
WINDOWS,Aperto,SMART LINE SERVICE SRL,AG127,FR17859,Via Ammiraglio George Curzon 12,Villa San Giovanni,89018,RC,Calabria,AG127-W-VILLA S.GIOVANI,"Via Ammiraglio George Curzon 12, 89018 Villa San Giovanni, RC, Calabria, Italia",38.2180591,15.638486,"Villa San Giovanni, Reggio Calabria, Calabria, 89018, Italia",TROVATO_COMUNE
WINDOWS,Aperto,G.M.G.3 SRL,AG351,,Via Angeli 23,Adria,45011,RO,Veneto,AG351-W-ADRIA,"Via Angeli 23, 45011 Adria, RO, Veneto, Italia",45.0498959,12.0561835,"Via Angeli, Borgo Dolomiti, Adria, Rovigo, Veneto, 45011, Italia",TROVATO
ESE,Aperto,INSIEME S.P.A.,AG194,FR01516,Corso Dora 13,Avigliana,10051,TO,Piemonte,AG194 - SD_AVIGLIANA,"Corso Dora 13, 10051 Avigliana, TO, Piemonte, Italia",45.0867823,7.4016859,"Corso Dora, Ponte Dora, Grangia, Avigliana, Torino, Piemonte, 10051, Italia",TROVATO
ESE,Aperto,INSIEME S.P.A.,AG194,FR12622,Via Agostino Fausti 10/12,Bracciano,00062,RM,Lazio,AG194 - SD_BRACCIANO,"Via Agostino Fausti 10/12, 00062 Bracciano, RM, Lazio, Italia",42.1025598,12.1764061,"Via Agostino Fausti, Bracciano, Roma Capitale, Lazio, 00062, Italia",TROVATO
ESE,Aperto,INSIEME S.P.A.,AG194,FR01745,Via F.lli Vercelli 116,Carmagnola,10022,TO,Piemonte,AG194 - SD_CARMAGNOLA,"Via F.lli Vercelli 116, 10022 Carmagnola, TO, Piemonte, Italia",44.8455856,7.7192711,"Carmagnola, Torino, Piemonte, 10022, Italia",TROVATO_COMUNE
ESE,Aperto,INSIEME S.P.A.,AG194,FR01744,Via Saluzzo 6,Cavour,10061,TO,Piemonte,AG194 - SD_CAVOUR,"Via Saluzzo 6, 10061 Cavour, TO, Piemonte, Italia",44.7684608,7.388038,"Via Antica di Saluzzo, Ruata Ribotta, Cavour, Torino, Piemonte, 10061, Italia",TROVATO
ESE,Aperto,INSIEME S.P.A.,AG194,FR12392,Via G. Bruzzesi 9,Civitavecchia,00053,RM,Lazio,AG194 - SEDE_CIVITAVECCHIA_RM,"Via G. Bruzzesi 9, 00053 Civitavecchia, RM, Lazio, Italia",42.0937524,11.7922462,"Civitavecchia, Roma Capitale, Lazio, 00053, Italia",TROVATO_COMUNE
ESE,Aperto,INSIEME S.P.A.,AG194,FR09427,Via Biccocchi 109,Follonica,58022,GR,Toscana,AG194 - FOLLONICA,"Via Biccocchi 109, 58022 Follonica, GR, Toscana, Italia",42.926326,10.761625,"Follonica, Grosseto, Toscana, 58022, Italia",TROVATO_COMUNE
ESE,Aperto,INSIEME S.P.A.,AG194,FR12801,Piazza G. Falcone 23,Ladispoli,00055,RM,Lazio,AG194 - SD_LADISPOLI,"Piazza G. Falcone 23, 00055 Ladispoli, RM, Lazio, Italia",41.9537219,12.0734646,"Ladispoli, Roma Capitale, Lazio, Italia",TROVATO_COMUNE
ESE,Aperto,INSIEME S.P.A.,AG194,FR01517,Via Cavour 4 bis/B,Moncalieri,10024,TO,Piemonte,AG194 - SEDE_MONCALIERI_TO,"Via Cavour 4 bis/B, 10024 Moncalieri, TO, Piemonte, Italia",44.9989247,7.6801722,"Via Cavour, Borgo Navile, Moncalieri, Torino, Piemonte, 10024, Italia",TROVATO
ESE,Aperto,INSIEME S.P.A.,AG194,FR12735,Via Capitan Consalvo 25/27,Ostia Lido,00122,RM,Lazio,AG194 - ROMA OSTIA LIDO,"Via Capitan Consalvo 25/27, 00122 Ostia Lido, RM, Lazio, Italia",41.7326012,12.2784556,"Lido di Ostia, Roma, Roma Capitale, Lazio, 00121, Italia",TROVATO_COMUNE
ESE,Aperto,INSIEME S.P.A.,AG194,FR07627,Via S. Anna 100,Rapallo,16035,GE,Liguria,AG194 - RAPALLO,"Via S. Anna 100, 16035 Rapallo, GE, Liguria, Italia",44.3519135,9.2223473,"Via della Liberta nuova chiesa S. Anna, Via della Libertà, Cappelletta, San Michele di Pagana, Rapallo, Genova, Liguria, 16035, Italia",TROVATO_FALLBACK
ESE,Aperto,INSIEME S.P.A.,AG194,FR12396,Viale Palmiro Togliatti 16/17,ROMA,00155,RM,Lazio,AG194 - ROMA COLLATINO,"Viale Palmiro Togliatti 16/17, 00155 ROMA, RM, Lazio, Italia",41.8995574,12.5757297,"Viale Palmiro Togliatti, Centocelle, Tor Sapienza, Roma, Roma Capitale, Lazio, 00171, Italia",TROVATO
ESE,Aperto,INSIEME S.P.A.,AG194,FR12395,Via Cappelletta della Giustiniana 18,ROMA,00123,RM,Lazio,AG194 - ROMA GIUSTINIANA,"Via Cappelletta della Giustiniana 18, 00123 ROMA, RM, Lazio, Italia",41.9868555,12.402885,"Via della Cappelletta della Giustiniana, Giustiniana, Municipio Roma XV, Roma, Roma Capitale, Lazio, 00189, Italia",TROVATO_FALLBACK
ESE,Aperto,INSIEME S.P.A.,AG194,FR12393,Via G. Volpato 7-9-11-13,ROMA,00146,RM,Lazio,AG194 - ROMA OSTIENSE,"Via G. Volpato 7-9-11-13, 00146 ROMA, RM, Lazio, Italia",41.8933203,12.4829321,"Roma, Roma Capitale, Lazio, Italia",TROVATO_COMUNE
ESE,Aperto,INSIEME S.P.A.,AG194,FR07628,Via Verdi 21,Savona,17100,SV,Liguria,AG194 - SD_SAVONA,"Via Verdi 21, 17100 Savona, SV, Liguria, Italia",44.3163037,8.4726881,"21, Via Giuseppe Verdi, Rusca, Savona, Liguria, 17100, Italia",TROVATO
ESE,Aperto,INSIEME S.P.A.,AG194,FR01518,Corso Einaudi 15 h/i/l,Torino,10128,TO,Piemonte,AG194 - SD_TORINO_CROCETTA,"Corso Einaudi 15 h/i/l, 10128 Torino, TO, Piemonte, Italia",45.0677551,7.6824892,"Torino, Piemonte, Italia",TROVATO_COMUNE
ESE,Aperto,INSIEME S.P.A.,AG194,FR07630,Via E. Chiappori 7,Ventimiglia,18039,IM,Liguria,AG194 - SD_VENTIMIGLIA,"Via E. Chiappori 7, 18039 Ventimiglia, IM, Liguria, Italia",43.826485,7.5495174,"Ventimiglia, Provincia di Imperia, Liguria, Italia",TROVATO_COMUNE
ESE,Aperto,INSIEME S.P.A.,AG194,FR12394,Via Cassia sud 3/a,Viterbo,01100,VT,Lazio,AG194 - VITERBO,"Via Cassia sud 3/a, 01100 Viterbo, VT, Lazio, Italia",42.3691912,12.0584017,"Via Cassia, Viterbo, Lazio, Italia",TROVATO
ESE,Aperto,INSIEME S.P.A.,AG194,FR12767,Via Gabi 1,ROMA,00183,RM,Lazio,AG194 - ROMA APPIO,"Via Gabi 1, 00183 ROMA, RM, Lazio, Italia",41.8816418,12.5089439,"Via Gabi, San Giovanni, Municipio Roma VII, Roma, Roma Capitale, Lazio, 00183, Italia",TROVATO
ESE,Aperto,INSIEME S.P.A.,AG194,FR01963,Regio Parco Corso Belgio 171 F,Torino,10153,TO,Piemonte,AG194 - TORINO REGIO PARCO,"Regio Parco Corso Belgio 171 F, 10153 Torino, TO, Piemonte, Italia",45.0677551,7.6824892,"Torino, Piemonte, Italia",TROVATO_COMUNE
ESE,Aperto,INSIEME S.P.A.,AG194,FR12964,Largo Domenico Paone 15,Formia,04023,LT,Lazio,AG194 - FORMIA,"Largo Domenico Paone 15, 04023 Formia, LT, Lazio, Italia",41.2579607,13.6104378,"Largo Domenico Paone, Mola, Formia, Latina, Lazio, 04023, Italia",TROVATO
ESE,Aperto,INSIEME S.P.A.,AG194,FR12965,Via Armellini 26,Latina,04100,LT,Lazio,AG194 - LATINA,"Via Armellini 26, 04100 Latina, LT, Lazio, Italia",41.5782242,12.9014978,"Via Armellini, Cisterna di Latina, Latina, Lazio, Italia",TROVATO
ESE,Aperto,INSIEME S.P.A.,AG194,FR12978,Via Nazario Sauro 11,Fondi,4022,LT,Lazio,AG194 - FONDI,"Via Nazario Sauro 11, 4022 Fondi, LT, Lazio, Italia",41.3591618,13.4228102,"Via Nazario Sauro, Porta Roma, Fondi, Latina, Lazio, 04022, Italia",TROVATO
ESE,Aperto,INSIEME S.P.A.,AG194,FR13979,Corso Umberto I 430,Montesilvano,65015,PE,Abruzzo,AG194 - MONTESILVANO,"Corso Umberto I 430, 65015 Montesilvano, PE, Abruzzo, Italia",42.510359,14.1573894,"Corso Umberto Primo, Villa Canonico, Montesilvano, Pescara, Abruzzo, 65015, Italia",TROVATO
ESE,Aperto,INSIEME S.P.A.,AG194,FR11980,Via Alcide De Gasperi 7,San benedetto del Tronto,63039,AP,Marche,AG194 - SAN BENEDETTO DEL TRON,"Via Alcide De Gasperi 7, 63039 San benedetto del Tronto, AP, Marche, Italia",42.9525328,13.8807144,"San Benedetto del Tronto, Ascoli Piceno, Marche, 63074, Italia",TROVATO_COMUNE
WINDOWS,Aperto,INSIEME S.P.A.,AG194,,Via Torino 155/B,Nichelino,10042,TO,Piemonte,AG194-W-TORINO,"Via Torino 155/B, 10042 Nichelino, TO, Piemonte, Italia",44.9976272,7.6501848,"Via Torino, Nichelino, Torino, Piemonte, 10042, Italia",TROVATO
WINDOWS,Aperto,INSIEME S.P.A.,AG194,,Via del Casale Ninfeo 6-8,Roma,00163,RM,Lazio,AG194-W-ROMA NINFEO,"Via del Casale Ninfeo 6-8, 00163 Roma, RM, Lazio, Italia",41.8722246,12.4152565,"Via del Casale Ninfeo, Municipio Roma XII, Roma, Roma Capitale, Lazio, 00163, Italia",TROVATO
ESE,Aperto,INSIEME S.P.A.,AG194,FR09A69,Via Borgo Giannotti 256,Lucca,55100,LU,Toscana,AG194 - LUCCA,"Via Borgo Giannotti 256, 55100 Lucca, LU, Toscana, Italia",43.8549811,10.5078213,"Via Borgo Giannotti, San Marco, Sant'Anna, Monte San Quirico, Lucca, Toscana, 55100, Italia",TROVATO
ESE,Aperto,MCF SRL,AG164,FR14B45,"Via Consalvo 107/a, 107/b",Napoli,80125,,Campania,AG164 - Napoli Fuorigrotta,"Via Consalvo 107/a, 107/b, 80125 Napoli, , Campania, Italia",40.8358846,14.2487679,"Napoli, Campania, Italia",TROVATO_COMUNE
ESE,Aperto,SYNERGY S.r.l.,AG441,FR07440,Corso Assarotti 1 c/d,Chiavari,16043,GE,Liguria,AG441 - CHIAVARI,"Corso Assarotti 1 c/d, 16043 Chiavari, GE, Liguria, Italia",44.3146727,9.3244174,"Corso Giovanni Battista Assarotti, Sampierdicanne, Chiavari, Genova, Liguria, 16043, Italia",TROVATO
WINDOWS,Aperto,CONSORZIO SERVIZI GAS s.r.l.,AG367,,Via Nuova 36,Santo Stefano di Camastra,98077,ME,Sicilia,AG367 - MESSINA,"Via Nuova 36, 98077 Santo Stefano di Camastra, ME, Sicilia, Italia",38.0138826,14.3499343,"Via Nuova, Santo Stefano di Camastra, Messina, Sicilia, 98077, Italia",TROVATO
WINDOWS,Aperto,INSIEME S.P.A.,AG194,,Via Prenestina 386/384,Roma,00017,RM,Lazio,AG194-W-ROMA PRENESTINO,"Via Prenestina 386/384, 00017 Roma, RM, Lazio, Italia",41.8907313,12.6976067,"Via Prenestina, San Vittorino, Municipio Roma VI, Osteria dell'Osa, Roma, Roma Capitale, Lazio, 00132, Italia",TROVATO
WINDOWS,Aperto,MCF SRL,AG164,,Corso Europa 162,Avellino,83100,AV,Campania,AG164 - AFRAGOLA,"Corso Europa 162, 83100 Avellino, AV, Campania, Italia",40.9122365,14.7845085,"Corso Europa, Avellino, Campania, 83100, Italia",TROVATO
ESE,Aperto,LNT SRL (LA NUOVA TERMOIDROELETTRICA DEI F.LLI COCCONCELLI),AG339,FR18D44,Via A. D'Ippolito 23,Lamezia Terme,88046,CZ,Calabria,AG339 - LAMEZIA TER,"Via A. D'Ippolito 23, 88046 Lamezia Terme, CZ, Calabria, Italia",38.9645069,16.3021451,"Lamezia Terme, Catanzaro, Calabria, 88046, Italia",TROVATO_COMUNE
ESE,Aperto,LNT SRL (LA NUOVA TERMOIDROELETTRICA DEI F.LLI COCCONCELLI),AG339,,Via Papandrea 1,Vibo Valentia,89811,VV,Calabria,AG339 - VIBO VALENTIA,"Via Papandrea 1, 89811 Vibo Valentia, VV, Calabria, Italia",38.6770379,16.0951565,"Via Saverio Papandrea, Vibo Valentia, Calabria, 89900, Italia",TROVATO
ESE,Aperto,LNT SRL (LA NUOVA TERMOIDROELETTRICA DEI F.LLI COCCONCELLI),AG339,,Viale Regina Margherita 158/B,Amantea,87032,CS,Calabria,,"Viale Regina Margherita 158/B, 87032 Amantea, CS, Calabria, Italia",39.131909,16.0702833,"Viale Regina Margherita, Amantea Paese, Amantea, Cosenza, Calabria, 87032, Italia",TROVATO
ESE,Aperto,LUX TECNOLOGY TC SRLS,AG509,FR19511,Via Venezia 75,Gela,93012,CL,Sicilia,AG509 - GELA,"Via Venezia 75, 93012 Gela, CL, Sicilia, Italia",37.0807783,14.2256904,"Via Venezia, Fondo Iozza, Macchitella, Gela, Caltanissetta, Sicilia, 93012, Italia",TROVATO
ESE,Aperto,LUX TECNOLOGY TC SRLS,AG509,FR19512,Viale Trieste 126,Caltanissetta,93100,CL,Sicilia,AG509 - CALTANISSETTA,"Viale Trieste 126, 93100 Caltanissetta, CL, Sicilia, Italia",37.4940885,14.0489364,"Viale Trieste, Caltanissetta, Sicilia, 93100, Italia",TROVATO
ESE,Aperto,ENERGIA GIUSTA S.r.l. UNIPERSONALE,AG707,FR04B48,Corso Vittorio Emanuele II  85,Conegliano,31015,TV,Veneto,AG707 - CONEGLIANO,"Corso Vittorio Emanuele II  85, 31015 Conegliano, TV, Veneto, Italia",45.8859145,12.2966847,"Corso Vittorio Emanuele II, Monticella, Parè, Conegliano, Treviso, Veneto, 31015, Italia",TROVATO
WINDOWS,Aperto,SMART LINE SERVICE SRL,AG127,FR14B35,Via Camillo Benso Cavuour 5,Aversa,81031,CE,Campania,AG127-W-AVERSA,"Via Camillo Benso Cavuour 5, 81031 Aversa, CE, Campania, Italia",40.973212,14.204928,"Aversa, Caserta, Campania, 81031, Italia",TROVATO_COMUNE
WINDOWS,Aperto,INSIEME S.P.A.,AG194,,Via di Torrevecchia 83,Roma,00168,RM,Lazio,AG194-W-ROMA TORREVECCHIA,"Via di Torrevecchia 83, 00168 Roma, RM, Lazio, Italia",41.9238754,12.4128266,"Via di Torrevecchia, Municipio Roma XIV, Roma, Roma Capitale, Lazio, 00168, Italia",TROVATO
WINDOWS,Aperto,BLUGAS SRL,AG349,,Via Strozzi 91 B,PRATO,59100,PO,TOSCANA,AG349-W-PRATO,"Via Strozzi 91 B, 59100 PRATO, PO, TOSCANA, Italia",43.8883128,11.0901551,"Via Filippo Strozzi, San Paolo, Prato, Toscana, 59100, Italia",TROVATO
WINDOWS,Aperto,MCF SRL,AG164,,Via Torrione 59,Salerno,84127,SA,Campania,AG164-W-SALERNO,"Via Torrione 59, 84127 Salerno, SA, Campania, Italia",40.6727077,14.7778527,"Via Torrione, Torrione, Salerno, Campania, 84127, Italia",TROVATO
ESE,Aperto,MCF SRL,AG164,FR14013,"VIA PIETRO COLLETTA, 18",Maddaloni,81024,CE,Molise,AG164 - MADDALONI E CIRCELLO,"VIA PIETRO COLLETTA, 18, 81024 Maddaloni, CE, Molise, Italia",41.0367796,14.375623,"Via Pietro Colletta, Maddaloni, Caserta, Campania, 81024, Italia",TROVATO_FALLBACK
ESE,Aperto,MCF SRL,AG164,FR15002,Corso Bucci 66,Campobasso,86100,CB,Molise,AG164 - CAMPOBASSO,"Corso Bucci 66, 86100 Campobasso, CB, Molise, Italia",41.5594285,14.6604304,"Corso Francesco Bucci, Centro Murattiano, Centro storico, Campobasso, Molise, 86100, Italia",TROVATO
ESE,Aperto,MCF SRL,AG164,FR14761,Viale Kennedy 75,Santa Maria Capua Vetere,81055,CE,Campania,AG164 - SMARIA CAPUA VETERE,"Viale Kennedy 75, 81055 Santa Maria Capua Vetere, CE, Campania, Italia",41.0782655,14.2642416,"Viale Kennedy, Santa Maria Capua Vetere, Sant'Andrea dei Lagni, Santa Maria Capua Vetere, Caserta, Campania, 81055, Italia",TROVATO
ESE,Aperto,MCF SRL,AG164,FR14962,Via Ennio Goduti 1/3,Benevento,82100,BN,Campania,AG164 - BENEVENTO,"Via Ennio Goduti 1/3, 82100 Benevento, BN, Campania, Italia",41.1328392,14.7756865,"Via Ennio Goduti, Dogana, Ferrovia, Benevento, Campania, 82100, Italia",TROVATO
ESE,Aperto,MCF SRL,AG164,FR14961,Viale Abramo Lincoln 83,Caserta,81100,CE,Campania,AG164 - CASERTA,"Viale Abramo Lincoln 83, 81100 Caserta, CE, Campania, Italia",41.0663892,14.3304347,"Viale Abramo Lincoln, Caserta, Acquaviva, Caserta, Campania, 81100, Italia",TROVATO
ESE,Aperto,MCF SRL,AG164,FR14969,Corso Vittorio Emanuele 113,Afragola,80021,,Campania,AG164 - AFRAGOLA,"Corso Vittorio Emanuele 113, 80021 Afragola, , Campania, Italia",40.9228347,14.3048473,"Corso Vittorio Emanuele III, Sant'Antonio, Rettifilo, Afragola, Napoli, Campania, 80021, Italia",TROVATO
ESE,Aperto,INSIEME S.P.A.,AG194,FR11B51,Via Piave 38,Ancona,60124,AN,Marche,AG194 - ANCONA,"Via Piave 38, 60124 Ancona, AN, Marche, Italia",43.6150395,13.5221275,"38, Via Piave, Borgo Rodi, Ancona, Marche, 60124, Italia",TROVATO
WINDOWS,Aperto,MCF SRL,AG164,,Via XXI Luglio 12,SESSA AURUNCA,81037,CE,CAMPANIA,AG164-W-SESSA AURUNCA,"Via XXI Luglio 12, 81037 SESSA AURUNCA, CE, CAMPANIA, Italia",41.2369344,13.9347304,"Sessa Aurunca, Caserta, Campania, 81037, Italia",TROVATO_COMUNE
WINDOWS,Aperto,SMART LINE SERVICE SRL,AG127,FR12B96,Via Circumvallazione 3 - 5,NOLA,80035,,CAMPANIA,AG127-W-NOLA,"Via Circumvallazione 3 - 5, 80035 NOLA, , CAMPANIA, Italia",40.9265023,14.5421947,"Via Circumvallazione, Nola, Napoli, Campania, 80032, Italia",TROVATO
ESE,Aperto,MCF SRL,AG164,FR14B61,Via G.Bruno n.189,Napoli,80122,,Campania,AG164 - VOMERO-CHIAIA,"Via G.Bruno n.189, 80122 Napoli, , Campania, Italia",40.8358846,14.2487679,"Napoli, Campania, Italia",TROVATO_COMUNE
ESE,Aperto,SMART LINE SERVICE SRL,AG127,FR14B62,Via Alcide de Gasperi 15,San Giorgio a Cremano,80046,,Campania,AG127 - SAN GIORGIO A CREMANO,"Via Alcide de Gasperi 15, 80046 San Giorgio a Cremano, , Campania, Italia",40.8301991,14.3335341,"Via Alcide De Gasperi, San Giorgio a Cremano, Napoli, Campania, 80046, Italia",TROVATO
MALL,Aperto,QITALIA,AG660,,VIA FONTEVIVO 17,LA SPEZIA,19100,SP,Liguria,AG660 - LA SPEZIA,"VIA FONTEVIVO 17, 19100 LA SPEZIA, SP, Liguria, Italia",44.1190192,9.8324767,"Bottega Verde, 17, Via Fontevivo, Vailunga, Mazzetta, Antoniana, Sarbia, La Spezia, Liguria, 19125, Italia",TROVATO
MALL,Aperto,QITALIA,AG660,,VIA GIUSEPPE GARIBALDI 1,LIMBIATE,20182,MB,Lombardia,AG660 - LIMBIATE,"VIA GIUSEPPE GARIBALDI 1, 20182 LIMBIATE, MB, Lombardia, Italia",45.6067333,9.1273173,"Via Giuseppe Garibaldi, Villaggio dei Fiori, Villaggio dei Giovi, Mombello, Limbiate, Monza e della Brianza, Lombardia, 20812, Italia",TROVATO
MALL,Aperto,QITALIA,AG660,,VIA BISCOLLA 48,MASSA COZZILE,51010,PT,Toscana,AG660 - MONTECATINI,"VIA BISCOLLA 48, 51010 MASSA COZZILE, PT, Toscana, Italia",43.8624193,10.766652,"Via Biscolla, 48 (Ipercoop), Via Biscolla, Biscolla, Traversagna, Massa e Cozzile, Pistoia, Toscana, 51061, Italia",TROVATO
MALL,Aperto,QITALIA,AG660,,"Via Emilia Ovest 1480, C.C. Grandemilia",Modena,41123,MO,Emilia Romagna,AG660 - GRANDEMILIA,"Via Emilia Ovest 1480, C.C. Grandemilia, 41123 Modena, MO, Emilia Romagna, Italia",44.6458885,10.9255707,"Modena, Emilia-Romagna, Italia",TROVATO_COMUNE
ESE,Aperto,PROMETEO ENERGIA SERVIZI SRL,AG337,FR18013,Piazza Zumbini 67/68,Cosenza,87100,CS,Calabria,AG337 - COSENZA,"Piazza Zumbini 67/68, 87100 Cosenza, CS, Calabria, Italia",39.3101461,16.2522431,"Piazza Bonaventura Zumbini, Popilia, Cosenza, Calabria, 87100, Italia",TROVATO
WINDOWS,Aperto,PROMETEO ENERGIA SERVIZI SRL,AG337,,Via Fratelli Bandiera 25,RENDE,87036,CS,Calabria,AG337-W-RENDE,"Via Fratelli Bandiera 25, 87036 RENDE, CS, Calabria, Italia",39.3344202,16.2417172,"Via Fratelli Bandiera, Roges, Rende, Cosenza, Calabria, 87036, Italia",TROVATO
MALL,Aperto,QITALIA,AG660,,VIA DELLA LIBERAZIONE 8,PESCHIERA BORROMEO,20068,MI,Lombardia,AG660 - BORROMEA,"VIA DELLA LIBERAZIONE 8, 20068 PESCHIERA BORROMEO, MI, Lombardia, Italia",45.4231834,9.2930543,"MediaMarkt, 8, Via della Liberazione, Zelo, Peschiera Borromeo, Rodano, Milano, Lombardia, 20068, Italia",TROVATO
ESE,Aperto,NOVAENERGIA SRL,AG305,FR01C38,Via Milano 71,Alessandria,15121,AL,Piemonte,AG305 - ALESSANDRIA,"Via Milano 71, 15121 Alessandria, AL, Piemonte, Italia",44.9157249,8.6132272,"Altromercato, 71, Via Milano, Alessandria, Piemonte, 15121, Italia",TROVATO
ESE,Aperto,NOVAENERGIA SRL,AG305,FR01774,Corso Alessandria 138,Asti,14100,AT,Piemonte,AG305 - ASTI,"Corso Alessandria 138, 14100 Asti, AT, Piemonte, Italia",44.9059185,8.2392176,"Corso Alessandria, Asti, Piemonte, 14100, Italia",TROVATO
ESE,Aperto,NOVAENERGIA SRL,AG305,FR01541,Via Novara 11,Borgomanero,28021,NO,Piemonte,AG305 - S&D_NOVNRG_BORGOMANERO,"Via Novara 11, 28021 Borgomanero, NO, Piemonte, Italia",45.6958349,8.465402,"Via Novara, Borgomanero, Novara, Piemonte, 28021, Italia",TROVATO
MALL,Aperto,QITALIA,AG660,,VIA PALMIRO TOGLIATTI 1,RESCALDINA,10027,MI,Lombardia,AG660 - RESCALDINA,"VIA PALMIRO TOGLIATTI 1, 10027 RESCALDINA, MI, Lombardia, Italia",45.6095193,8.9638673,"Sapori & sorrisi, 1, Via Palmiro Togliatti, Campo Polino, Rescaldina, Milano, Lombardia, 20027, Italia",TROVATO
ESE,Aperto,NOVAENERGIA SRL,AG305,FR01403,Viale Giulio Cesare 201/D,Novara,28100,NO,Piemonte,AG305 - S&D_NOVNRG_NOVARA SUD,"Viale Giulio Cesare 201/D, 28100 Novara, NO, Piemonte, Italia",45.434996,8.6068359,"Viale Giulio Cesare, San Paolo, Torrion Quartara, Novara, Piemonte, 28100, Italia",TROVATO
WINDOWS,Aperto,ALTO LAZIO GAS SRL,AG310,,Piazza Filattiera nr. 38,ROMA,00139,RM,LAZIO,AG310-W-ROMA PRATI,"Piazza Filattiera nr. 38, 00139 ROMA, RM, LAZIO, Italia",41.957628,12.5174633,"Piazza Filattiera, Val Melaina, Municipio Roma III, Roma, Roma Capitale, Lazio, 00139, Italia",TROVATO
ESE,Aperto,SYNERGY S.r.l.,AG441,FR07440,Via Sestri 272,Genova,16154,GE,Liguria,AG441 - CHIAVARI,"Via Sestri 272, 16154 Genova, GE, Liguria, Italia",44.4257793,8.8454812,"Via Sestri, Sestri Ponente, Medio Ponente, Genova, Liguria, 16154, Italia",TROVATO
ESE,Aperto,ROCCA ENERGIA SRL,AG334,FR12074,Via Giuseppe Sirtori 86/88,Roma,00149,RM,Lazio,AG334 - ROMA PORTUENSE,"Via Giuseppe Sirtori 86/88, 00149 Roma, RM, Lazio, Italia",41.8933203,12.4829321,"Roma, Roma Capitale, Lazio, Italia",TROVATO_COMUNE
ESE,Aperto,ROCCA ENERGIA SRL,AG334,FR12010,Via Formoso 36,Fiumicino,00054,RM,Lazio,AG334 - FIUMICINO,"Via Formoso 36, 00054 Fiumicino, RM, Lazio, Italia",41.7607586,12.2311577,"Via Formoso, Fiumicino, Roma Capitale, Lazio, 00054, Italia",TROVATO
ESE,Aperto,ROCCA ENERGIA SRL,AG334,FR12775,Via Mura Dei Francesi 197/G-H,Ciampino,00043,RM,Lazio,AG334 - CIAMPINO,"Via Mura Dei Francesi 197/G-H, 00043 Ciampino, RM, Lazio, Italia",41.8002891,12.6004706,"Ciampino, Roma Capitale, Lazio, 00043, Italia",TROVATO_COMUNE
ESE,Aperto,ROCCA ENERGIA SRL,AG334,FR12010,Via Ermanno Wolf Ferrari 316,ROMA,00124,RM,Lazio,AG334 - FIUMICINO,"Via Ermanno Wolf Ferrari 316, 00124 ROMA, RM, Lazio, Italia",41.7422395,12.3817339,"Via Ermanno Wolf Ferrari, Castel Fusano, Municipio Roma X, Roma, Roma Capitale, Lazio, 00124, Italia",TROVATO
WINDOWS,Aperto,ROCCA ENERGIA SRL,AG334,,Piazza dell'Alberone 14,Roma,00181,RM,Lazio,AG334-W-ROMA ALBERONE,"Piazza dell'Alberone 14, 00181 Roma, RM, Lazio, Italia",41.8764127,12.521318,"14, Piazza dell'Alberone, Municipio Roma VII, Roma, Roma Capitale, Lazio, 00181, Italia",TROVATO
WINDOWS,Aperto,ENERGIA ITALIA SPA,AG267,,Piazza degli Eroi 8/9,SAN CATALDO,93017,CL,Sicilia,AG267-W-SAN CATALDO,"Piazza degli Eroi 8/9, 93017 SAN CATALDO, CL, Sicilia, Italia",37.4914458,13.9935156,"San Cataldo, Caltanissetta, Sicilia, 93017, Italia",TROVATO_COMUNE
ESE,Aperto,SMART LINE SERVICE SRL,AG127,FR17859,Via Enrico Mattei 16,Matera,75100,MT,Basilicata,AG127 - Matera,"Via Enrico Mattei 16, 75100 Matera, MT, Basilicata, Italia",40.6787832,16.5796262,"Chiesa della Santa Famiglia, 16, Via Enrico Mattei, Matera 2000, Grotta Pignata, Matera, Basilicata, 75100, Italia",TROVATO
ESE,Aperto,SMART LINE SERVICE SRL,AG127,FR14005,Corso Secondigliano 147ABC,Napoli,80144,,Campania,AG127 - NAPOLI MIANO,"Corso Secondigliano 147ABC, 80144 Napoli, , Campania, Italia",40.8358846,14.2487679,"Napoli, Campania, Italia",TROVATO_COMUNE
ESE,Aperto,SMART LINE SERVICE SRL,AG127,FR14460,C.so Italia 108,Sant'Agnello,80065,,Campania,AG127 - SANT'AGNELLO,"C.so Italia 108, 80065 Sant'Agnello, , Campania, Italia",40.6293088,14.3922926,"Corso Italia, Rione Angri, Maiano, Sant'Agnello, Napoli, Campania, 80065, Italia",TROVATO
ESE,Aperto,SMART LINE SERVICE SRL,AG127,FR14015,Via Maristi 18,Giugliano in Campania,80014,,Campania,AG127 - GIUGLIANO NAPOLI,"Via Maristi 18, 80014 Giugliano in Campania, , Campania, Italia",40.924257,14.2012766,"Via Fratelli Maristi, Chalet, Giugliano in Campania, Napoli, Campania, 80018, Italia",TROVATO
ESE,Aperto,SMART LINE SERVICE SRL,AG127,FR14860,Via Delle Porcellane di Capodimonte 43,Napoli,80128,,Campania,AG127 - Napoli Avvocata,"Via Delle Porcellane di Capodimonte 43, 80128 Napoli, , Campania, Italia",40.8358846,14.2487679,"Napoli, Campania, Italia",TROVATO_COMUNE
ESE,Aperto,SMART LINE SERVICE SRL,AG127,FR14995,Via Santa Maria 60/62,Quarto,80010,,Campania,AG127 - Marano di Napoli,"Via Santa Maria 60/62, 80010 Quarto, , Campania, Italia",40.8797721,14.153326,"Via Santa Maria, Patatino, Quarto, Napoli, Campania, 80010, Italia",TROVATO
ESE,Aperto,SMART LINE SERVICE SRL,AG127,FR14A16,Viale Europa 2A/2B,Castellammare di Stabia,80053,,Campania,AG127 - CASTELLAMMARE DI STA,"Viale Europa 2A/2B, 80053 Castellammare di Stabia, , Campania, Italia",40.7015358,14.4892354,"Viale Europa, Varano, Pioppaino, Castellammare di Stabia, Napoli, Campania, 80053, Italia",TROVATO
ESE,Aperto,SMART LINE SERVICE SRL,AG127,FR14A35,"Via G. Ponzio, 4 IS. C1 Torre Saverio",Napoli,80141,,Campania,AG127 - NAPOLI POGGIOREALE,"Via G. Ponzio, 4 IS. C1 Torre Saverio, 80141 Napoli, , Campania, Italia",40.8358846,14.2487679,"Napoli, Campania, Italia",TROVATO_COMUNE
ESE,Aperto,SMART LINE SERVICE SRL,AG127,FR08584,Via Emilia Est 56/58,Modena,41124,MO,Emilia Romagna,AG127 - UFFICIO MODENA,"Via Emilia Est 56/58, 41124 Modena, MO, Emilia Romagna, Italia",44.6436749,10.932861,"Via Emilia Est, Quartiere Albareto, Cittadella, Centro storico, Modena, Emilia-Romagna, 41121, Italia",TROVATO
ESE,Aperto,SMART LINE SERVICE SRL,AG127,FR08968,Via Renaccio 1/2,Faenza,48018,RA,Emilia Romagna,AG127 - FAENZA,"Via Renaccio 1/2, 48018 Faenza, RA, Emilia Romagna, Italia",44.278014,11.883042,"Via Renaccio, Modigliana, Quartiere Centro Sud, Faenza, Unione della Romagna Faentina, Ravenna, Emilia-Romagna, 48018, Italia",TROVATO
ESE,Aperto,SMART LINE SERVICE SRL,AG127,FR12023,Via Beata Vergine del Carmelo 131/133,ROMA,00128,RM,Lazio,AG127 - ROMA SPINACETO,"Via Beata Vergine del Carmelo 131/133, 00128 ROMA, RM, Lazio, Italia",41.8933203,12.4829321,"Roma, Roma Capitale, Lazio, Italia",TROVATO_COMUNE
ESE,Aperto,SMART LINE SERVICE SRL,AG127,FR12049,Via Lucio Calpurnio Bibulo 5/7,ROMA,00175,RM,Lazio,AG127 - ROMA QUADRARO,"Via Lucio Calpurnio Bibulo 5/7, 00175 ROMA, RM, Lazio, Italia",41.8649076,12.5531398,"Via Lucio Calpurnio Bibulo, Quadraretto, Quadraro, Municipio Roma VII, Roma, Roma Capitale, Lazio, 00175, Italia",TROVATO
ESE,Aperto,SMART LINE SERVICE SRL,AG127,FR12579,Piazza Augusto Albini 32/34,ROMA,00154,RM,Lazio,AG127 - GARBATELLA,"Piazza Augusto Albini 32/34, 00154 ROMA, RM, Lazio, Italia",41.8643493,12.4842041,"Plenitude, 32-34, Piazza Augusto Albini, Garbatella, Municipio Roma VIII, Roma, Roma Capitale, Lazio, 00154, Italia",TROVATO
WINDOWS,Aperto,SMART LINE SERVICE SRL,AG127,FR12B22,Via del mare 47/49,Pomezia,00071,RM,Lazio,AG127-W-POMEZIA,"Via del mare 47/49, 00071 Pomezia, RM, Lazio, Italia",41.6540921,12.4834833,"Via del Mare, Colli di Enea, Pomezia, Roma Capitale, Lazio, 00071, Italia",TROVATO
WINDOWS,Aperto,SMART LINE SERVICE SRL,AG127,FR14B23,Corso Italia 33,Marano di Napoli,80016,,Campania,AG127-W-MARANO,"Corso Italia 33, 80016 Marano di Napoli, , Campania, Italia",40.8990368,14.1946676,"Margaret Sposa Atelier, 33, Corso Italia, Marano di Napoli, Napoli, Campania, 80016, Italia",TROVATO
ESE,Aperto,SMART LINE SERVICE SRL,AG127,FR04820,Viale Mediterraneo 534/536,Chioggia,30015,VE,Veneto,AG127 - CHIOGGIA,"Viale Mediterraneo 534/536, 30015 Chioggia, VE, Veneto, Italia",45.1974432,12.2934771,"Viale Mediterraneo, Brondolo, Sottomarina, Chioggia, Venezia, Veneto, 30015, Italia",TROVATO
ESE,Aperto,SMART LINE SERVICE SRL,AG127,FR04603,Via Matteotti 35,Este,35042,PD,Veneto,AG127 - UFFICIO ESTE,"Via Matteotti 35, 35042 Este, PD, Veneto, Italia",45.2278437,11.6548203,"Eni Plenitude, 35, Via Giacomo Matteotti, Este, Padova, Veneto, 35042, Italia",TROVATO
WINDOWS,Aperto,SMART LINE SERVICE SRL,AG127,FR12B21,Corso del Popolo 32,Grottaferrata,00046,RM,Lazio,AG127-W-GROTTAFERRATA,"Corso del Popolo 32, 00046 Grottaferrata, RM, Lazio, Italia",41.7878377,12.6683131,"Corso del Popolo, Grottaferrata, Roma Capitale, Lazio, 00046, Italia",TROVATO
WINDOWS,Aperto,INSIEME S.P.A.,AG194,,Via Renato Fucini 22,ROMA,00137,RM,LAZIO,AG194-W-ROMA TALENTI,"Via Renato Fucini 22, 00137 ROMA, RM, LAZIO, Italia",41.9479258,12.5508849,"Via Renato Fucini, Monte Sacro Alto, Municipio Roma III, Roma, Roma Capitale, Lazio, 00137, Italia",TROVATO
WINDOWS,Aperto,GREEN ADVISOR,AG870,,Via Anagni 136,Roma,00171,RM,Lazio,AG870-W-ROMA,"Via Anagni 136, 00171 Roma, RM, Lazio, Italia",41.8902434,12.5581617,"Via Anagni, Tor De' Schiavi, Centocelle, Prenestino-Labicano, Roma, Roma Capitale, Lazio, 00171, Italia",TROVATO
WINDOWS,Aperto,VITRANO SRL,AG315,,"Via Cavour, 84",Carlentini,96013,SR,Sicilia,,"Via Cavour, 84, 96013 Carlentini, SR, Sicilia, Italia",37.2769573,15.0139547,"Via Cavour, Carlentini Nord, Carlentini, Siracusa, Sicilia, 96013, Italia",TROVATO
WINDOWS,Aperto,INSIEME S.P.A.,AG194,,Via Giuseppe Mazzini 7,GAETA,04024,LT,Lazio,AG194-W-GAETA,"Via Giuseppe Mazzini 7, 04024 GAETA, LT, Lazio, Italia",41.2138834,13.5679941,"Via Giuseppe Mazzini, Serapo, Gaeta, Latina, Lazio, 04024, Italia",TROVATO
ESE,Aperto,MCF SRL,AG164,FR10C07,Via Alessandro Manzoni 379-381-383,Perugia,06135,PG,Umbria,AG164 - PERUGIA,"Via Alessandro Manzoni 379-381-383, 06135 Perugia, PG, Umbria, Italia",43.1119613,12.3890104,"Perugia, Umbria, Italia",TROVATO_COMUNE
WINDOWS,Aperto,ENERGIA GIUSTA S.r.l. UNIPERSONALE,AG707,FR01C01,Piazza Vittorio Veneto nr.14,ORBASSANO,10043,TO,Piemonte,AG707-W-ORBASSANO,"Piazza Vittorio Veneto nr.14, 10043 ORBASSANO, TO, Piemonte, Italia",45.005615,7.5407417,"Piazza Vittorio Veneto, Orbassano, Torino, Piemonte, 10043, Italia",TROVATO
ESE,Aperto,SYNERGY S.r.l.,AG441,FR07967,Via Redipuglia 9,La Spezia,19124,SP,Liguria,AG441 - LA SPEZIA,"Via Redipuglia 9, 19124 La Spezia, SP, Liguria, Italia",44.1105176,9.8293456,"Via Redipuglia, Porta Rocca, Sarbia, La Spezia, Liguria, 19100, Italia",TROVATO
WINDOWS,Aperto,SYNERGY S.r.l.,AG441,,Piazza San Giorgio 28,Sarzana,19038,SP,Liguria,AG441-W-SARZANA,"Piazza San Giorgio 28, 19038 Sarzana, SP, Liguria, Italia",44.1123794,9.9587916,"Piazza San Giorgio, Olmo, Sarzana, La Spezia, Liguria, 19038, Italia",TROVATO
WINDOWS,Aperto,TEKNICA GAS SRL,AG762,,Via Ghiglini 62,Arenzano,16011,GE,Liguria,AG762-W-ARENZANO,"Via Ghiglini 62, 16011 Arenzano, GE, Liguria, Italia",44.4045149,8.6850304,"62, Via Edoardo Ghiglini, Nastrè, Borghetto, Arenzano, Genova, Liguria, 16011, Italia",TROVATO
ESE,Aperto,TEKNICA GAS SRL,AG762,FR07754,Via della Stazione 4,Arma di Taggia,18018,IM,Liguria,AG762 - ARMA DI TAGGIA,"Via della Stazione 4, 18018 Arma di Taggia, IM, Liguria, Italia",43.8310037,7.8490829,"Arma, Taggia, Provincia di Imperia, Liguria, 18018, Italia",TROVATO_COMUNE
ESE,Aperto,TEKNICA GAS SRL,AG762,FR07753,Piazza Dante Alighieri 24,Imperia,18100,IM,Liguria,AG762 - TEKGAS_IMPERIA,"Piazza Dante Alighieri 24, 18100 Imperia, IM, Liguria, Italia",43.8517155,7.8872219,"Piazza Dante Alighieri, Pompeiana, Provincia di Imperia, Liguria, 18015, Italia",TROVATO
WINDOWS,Aperto,SMART LINE SERVICE SRL,AG127,,Corso della Repubblica n. 145/147,Velletri,00049,RM,Lazio,AG127-W-VELLETRI,"Corso della Repubblica n. 145/147, 00049 Velletri, RM, Lazio, Italia",41.6867015,12.7770433,"Velletri, Roma Capitale, Lazio, 00049, Italia",TROVATO_COMUNE
ESE,Aperto,TERMOCOOP SRL,AG240,FR12502,Via Gaetano Donizetti 37,Albano Laziale,00041,RM,Lazio,AG240 - ALBANO LAZIALE,"Via Gaetano Donizetti 37, 00041 Albano Laziale, RM, Lazio, Italia",41.724738,12.6543212,"Via Gaetano Donizetti, Albano Laziale, Cecchina, Albano Laziale, Roma Capitale, Lazio, 00041, Italia",TROVATO
ESE,Aperto,TERMOCOOP SRL,AG240,FR09033,Via Tosco Romagnola 248,Cascina,56021,PI,Toscana,AG240 - CASCINA,"Via Tosco Romagnola 248, 56021 Cascina, PI, Toscana, Italia",43.6825261,10.5152548,"Via Tosco Romagnola, Cascina, Barca di Noce, Navacchio, Cascina, Pisa, Toscana, 56021, Italia",TROVATO
ESE,Aperto,TERMOCOOP SRL,AG240,FR10372,Via Roma 130,Castiglione del Lago,06061,PG,Umbria,AG240 - CASTIGLIONE DEL LAGO,"Via Roma 130, 06061 Castiglione del Lago, PG, Umbria, Italia",43.1227521,12.0421838,"Via Roma, Castiglione del Lago, Perugia, Umbria, 06061, Italia",TROVATO
ESE,Aperto,TERMOCOOP SRL,AG240,FR09024,Via Benedetto Croce 54,Pisa,56125,PI,Toscana,AG240 - PISA - SUD,"Via Benedetto Croce 54, 56125 Pisa, PI, Toscana, Italia",43.7103066,10.4048766,"Via Benedetto Croce, Magistratura di San Martino, San Martino, Pisa, Toscana, 56127, Italia",TROVATO
ESE,Aperto,TERMOCOOP SRL,AG240,FR12398,Via Enrico Giglioli 87 B/C,Roma,00169,RM,Lazio,AG240 - ROMA TORRE MAURA,"Via Enrico Giglioli 87 B/C, 00169 Roma, RM, Lazio, Italia",41.8933203,12.4829321,"Roma, Roma Capitale, Lazio, Italia",TROVATO_COMUNE
ESE,Aperto,TERMOCOOP SRL,AG240,FR12398,Via Roberto Malatesta 227,ROMA,00176,RM,Lazio,AG240 - ROMA PRENESTINA,"Via Roberto Malatesta 227, 00176 ROMA, RM, Lazio, Italia",41.8876124,12.5370192,"Via Roberto Malatesta, Pigneto, Municipio Roma V, Roma, Roma Capitale, Lazio, 00176, Italia",TROVATO
MALL,Aperto,QITALIA,AG660,,STRADA PADANA VERSO PADOVA 60,VICENZA,36100,VI,Veneto,AG660 - PALLADIO,"STRADA PADANA VERSO PADOVA 60, 36100 VICENZA, VI, Veneto, Italia",45.5292837,11.5956395,"60, Strada Padana verso Padova, Settecà, Ca' Folco, Vicenza, Veneto, 36100, Italia",TROVATO
WINDOWS,Aperto,MCF SRL,AG164,,"Piazza Pace, 21",Boscoreale,80041,,CAMPANIA,AG164-W-BOSCOREALE,"Piazza Pace, 21, 80041 Boscoreale, , CAMPANIA, Italia",40.7754589,14.4748934,"Piazza Pace, Massa, Boscoreale, Napoli, Campania, 80041, Italia",TROVATO
WINDOWS,Aperto,NOVAENERGIA SRL,AG305,,Via della Repubblica 5,Vigevano,27029,PV,Lombardia,AG305-W-VIGEVANO,"Via della Repubblica 5, 27029 Vigevano, PV, Lombardia, Italia",45.3170942,8.858603,"Vigevano, Pavia, Lombardia, 27029, Italia",TROVATO_COMUNE
ESE,Aperto,VITRANO SRL,AG315,FR19003,Via Servi di Maria 129,Siracusa,96100,SR,Sicilia,AG315 - SIRACUSA,"Via Servi di Maria 129, 96100 Siracusa, SR, Sicilia, Italia",37.0904417,15.2909147,"129, Via dei Servi di Maria, Bosco Minniti, Grottasanta, Siracusa, Sicilia, 96100, Italia",TROVATO
WINDOWS,Aperto,INSIEME S.P.A.,AG194,,Via Vincenzo Pacifici 4/6,TIVOLI,00019,RM,Lazio,AG194-W-TIVOLI,"Via Vincenzo Pacifici 4/6, 00019 TIVOLI, RM, Lazio, Italia",41.9616114,12.7972082,"Via Vincenzo Pacifici, Tivoli, Paterno, Campolimpido, Tivoli, Roma Capitale, Lazio, 00019, Italia",TROVATO
ESE,Aperto,WINNING SRL,AGA41,FR11A44,"Via Indipendenza 14, Via Costituzione 8",Fano,61032,PU,Marche,AGA41 - FANO,"Via Indipendenza 14, Via Costituzione 8, 61032 Fano, PU, Marche, Italia",43.8424173,13.0146632,"Fano, Pesaro e Urbino, Marche, 61032, Italia",TROVATO_COMUNE
WINDOWS,Aperto,WINNING SRL,AGA41,,Via Umberto Giordano 72,SENIGALLIA,60019,AN,Marche,AGA41-W-SENIGALLIA,"Via Umberto Giordano 72, 60019 SENIGALLIA, AN, Marche, Italia",43.7194222,13.2057175,"Via Umberto Giordano, Vivere Verde, Senigallia, Ancona, Marche, 60019, Italia",TROVATO
WINDOWS,Aperto,ALTO LAZIO GAS SRL,AG310,,"via Tiburtina,113",TIVOLI TERME,00012,RM,Lazio,AG310-W-TIVOLI TERME,"via Tiburtina,113, 00012 TIVOLI TERME, RM, Lazio, Italia",41.9541435,12.710628,"Via Tiburtina Valeria, Borgonovo, Tivoli Terme, Tivoli, Roma Capitale, Lazio, 00011, Italia",TROVATO
ESE,Aperto,MAIN SOLUTION,AGA78,FR18C17,via Francesco De Seta n°3 /4,Catanzaro,88100,CZ,Calabria,AGA78 - CATANZARO,"via Francesco De Seta n°3 /4, 88100 Catanzaro, CZ, Calabria, Italia",38.9018771,16.5965976,"Via Francesco De Seta, Siano, Catanzaro, Calabria, 88100, Italia",TROVATO
FLAGSHIP,Aperto,ENI PLENITUDE-ASSIST,AGC18,,"Via Toledo, 243",Napoli,80134,,Campania,AGC18 - FLAGSHIP_NA_IBRIDO,"Via Toledo, 243, 80134 Napoli, , Campania, Italia",40.8380075,14.2482675,"Plenitude, 242;243, Via Toledo, San Ferdinando, Municipalità 1, Napoli, Campania, 80132, Italia",TROVATO
ESE,Aperto,GRUPPO AURA,AG546,FR03C33,"Via F. Argelati, 44",Milano,20143,MI,Lombardia,AG546 - MILANO,"Via F. Argelati, 44, 20143 Milano, MI, Lombardia, Italia",45.4641943,9.1896346,"Milano, Rodano, Milano, Lombardia, Italia",TROVATO_COMUNE
WINDOWS,Aperto,ENERGIA ITALIA SPA,AG267,,Via Francesco Crispi 22,Marsala,91025,TP,Sicilia,AG267-W-MARSALA,"Via Francesco Crispi 22, 91025 Marsala, TP, Sicilia, Italia",37.7935201,12.4410769,"Via Francesco Crispi, Marsala, Trapani, Sicilia, 91025, Italia",TROVATO
ESE,Aperto,MAIN SOLUTION,AGA78,FR18C40,Via Papa Giovanni XXIII,Castrolibero,87040,CS,Calabria,AGA78-W-CASTROLIBERO,"Via Papa Giovanni XXIII, 87040 Castrolibero, CS, Calabria, Italia",39.3084321,16.2170459,"Via Papa Giovanni Ventitreesimo, Andreotta, Castrolibero, Cosenza, Calabria, 87040, Italia",TROVATO
WINDOWS,Aperto,WINNING SRL,AGA41,,Viale Costantinopoli 36,Rimini,47924,RN,Emilia Romagna,AGA41-W-RIMINI,"Viale Costantinopoli 36, 47924 Rimini, RN, Emilia Romagna, Italia",44.0282114,12.6176062,"36, Viale Costantinopoli, Miramare, Rimini, Emilia-Romagna, 47924, Italia",TROVATO
ESE,Aperto,MAIN SOLUTION,AGA78,FR16C43,Via Santa Chiara 1 angolo Corso Umberto 56,Mola di Bari,70042,BA,Puglia,AGA78 - MOLA DI BARI,"Via Santa Chiara 1 angolo Corso Umberto 56, 70042 Mola di Bari, BA, Puglia, Italia",41.0613232,17.0917111,"Mola di Bari, Bari, Puglia, 70042, Italia",TROVATO_COMUNE
ESE,Aperto,MAIN SOLUTION,AGA78,FR16C43,Piazza Umberto 7,Bitritto,70020,BA,Puglia,AGA78 - BITRITTO,"Piazza Umberto 7, 70020 Bitritto, BA, Puglia, Italia",41.0423717,16.826248,"Piazza Umberto I, Contrada Randa, Bitritto, Bari, Puglia, 70129, Italia",TROVATO
ESE,Aperto,MAIN SOLUTION,AGA78,FR16C41,Via Cialdini 17,Monopoli,70043,BA,Puglia,AGA78 - MONOPOLI,"Via Cialdini 17, 70043 Monopoli, BA, Puglia, Italia",40.9505392,17.2995147,"Via Cialdini, Monopoli, Bari, Puglia, 70034, Italia",TROVATO
MALL,Aperto,GREEN ADVISOR,AG870,,VIALE DELL'OCEANO PACIFICO 83 LOCALITA' CASTELLACCIO,ROMA,00144,RM,Lazio,AG870 - CC Euroma2,"VIALE DELL'OCEANO PACIFICO 83 LOCALITA' CASTELLACCIO, 00144 ROMA, RM, Lazio, Italia",41.8933203,12.4829321,"Roma, Roma Capitale, Lazio, Italia",TROVATO_COMUNE
WINDOWS,Aperto,MCF SRL,AG164,,"Via Ruggiero Da Torrecuso, 4",Torrecuso,82030,BN,Campania,AG164-W-TORRECUSO,"Via Ruggiero Da Torrecuso, 4, 82030 Torrecuso, BN, Campania, Italia",41.18974,14.6800554,"Torrecuso, Benevento, Campania, Italia",TROVATO_COMUNE
WINDOWS,Aperto,ALTO LAZIO GAS SRL,AG310,,Corso San Giorgio nr. 106,Teramo,64100,TE,Abruzzo,AG310-W-TERAMO,"Corso San Giorgio nr. 106, 64100 Teramo, TE, Abruzzo, Italia",42.6601486,13.7007032,"Corso San Giorgio, Coste Sant'Agostino, San Giorgio, Scapriano, Teramo, Abruzzo, 64100, Italia",TROVATO_FALLBACK
ESE,Aperto,ENERGIA GIUSTA S.r.l. UNIPERSONALE,AG707,FR12C53,Via E. Jenner 139A,Roma,00151,RM,LAZIO,AG707 - ROMA MONTEVERDE,"Via E. Jenner 139A, 00151 Roma, RM, LAZIO, Italia",41.8933203,12.4829321,"Roma, Roma Capitale, Lazio, Italia",TROVATO_COMUNE
ESE,Aperto,TEKNICA GAS SRL,AG762,FR07754,Via A. Manzoni 53/55,Sanremo,18038,IM,Liguria,AG762 - TEKGAS_SANREMO,"Via A. Manzoni 53/55, 18038 Sanremo, IM, Liguria, Italia",43.8362985,7.7772658,"Sanremo, Provincia di Imperia, Liguria, 18034, Italia",TROVATO_COMUNE
ESE,Aperto,SMART LINE SERVICE SRL,AG127,FR18C39,Via Pretoria 161,Potenza,85100,PZ,Basilicata,AG127 - POTENZA,"Via Pretoria 161, 85100 Potenza, PZ, Basilicata, Italia",40.6387444,15.8044862,"161, Via Pretoria, Montereale, Potenza, Basilicata, 85100, Italia",TROVATO
WINDOWS,Aperto,MCF SRL,AG164,,Corso Italia 50,Vasto,66054,CH,Abruzzo,AG164-W-VASTO,"Corso Italia 50, 66054 Vasto, CH, Abruzzo, Italia",42.1096363,14.7071902,"Corso Italia, Sant'Onofrio, Centro storico, Vasto, Chieti, Abruzzo, 66054, Italia",TROVATO
WINDOWS,Aperto,SMART LINE SERVICE SRL,AG127,,"Via Nazionale delle Puglie, 42",Casoria,80026,,Campania,AG127-W-CASORIA,"Via Nazionale delle Puglie, 42, 80026 Casoria, , Campania, Italia",40.8796048,14.3149472,"Via Nazionale delle Puglie, Arpino, Cittadella di Casoria, Casoria, Napoli, Campania, 80026, Italia",TROVATO
WINDOWS,Aperto,SMART LINE SERVICE SRL,AG127,,"Via Giuseppe Tropeano, 53",Napoli,80131,,Campania,AG127-W-NAPOLI,"Via Giuseppe Tropeano, 53, 80131 Napoli, , Campania, Italia",40.8629222,14.2192336,"Via Giuseppe Tropeano, Rione Alto, Arenella, Municipalità 5, Santa Croce, Napoli, Campania, 80131, Italia",TROVATO
WINDOWS,Aperto,SMART LINE SERVICE SRL,AG127,,"Corso Umberto I, 156",Caivano,80023,,Campania,AG127-W-CAIVANO,"Corso Umberto I, 156, 80023 Caivano, , Campania, Italia",40.9605438,14.3071932,"Corso Umberto I, Parco Verde, Caivano, Napoli, Campania, 80024, Italia",TROVATO
ESE,Aperto,WINNING SRL,AGA41,FR11C64,Via Bellocchi 20,Fabriano,60044,AN,Marche,AGA41 - FABRIANO,"Via Bellocchi 20, 60044 Fabriano, AN, Marche, Italia",43.3453788,12.9216031,"Randstad, 20, Via Mario Bellocchi, Brosciano, Campo Sportivo, Fabriano, Ancona, Marche, 60044, Italia",TROVATO
WINDOWS,Aperto,SMART LINE SERVICE SRL,AG127,,via Giacomo Canale n.11,NOCERA INFERIORE,84014,SA,Campania,AG127-W-NOCERA INFERIORE,"via Giacomo Canale n.11, 84014 NOCERA INFERIORE, SA, Campania, Italia",40.7439533,14.6411084,"Via Giacomo Canale, Sperandei, Sant'Anna, Piedimonte, Nocera Inferiore, Salerno, Campania, 84014, Italia",TROVATO
WINDOWS,Aperto,SMART LINE SERVICE SRL,AG127,,"Via Giacinto Gigante, 58",Casavatore,80020,,Campania,AG127-W-CASAVATORE,"Via Giacinto Gigante, 58, 80020 Casavatore, , Campania, Italia",40.8987805,14.2744101,"Via Giacinto Gigante, Casavatore, Napoli, Campania, 80020, Italia",TROVATO
WINDOWS,Aperto,SMART LINE SERVICE SRL,AG127,,"Via Vittorio Veneto, 63/65",Napoli,80145,,Campania,AG127-W-MIANO,"Via Vittorio Veneto, 63/65, 80145 Napoli, , Campania, Italia",40.8908934,14.2384304,"Via Vittorio Veneto, Piscinola, Municipalità 8, Cupa Spinelli, Napoli, Campania, 80145, Italia",TROVATO
WINDOWS,Aperto,EASY LIFE,AGA12,,Via Casilina 991F,Roma,00177,RM,Lazio,AGA12-W-RM-CASILINA,"Via Casilina 991F, 00177 Roma, RM, Lazio, Italia",41.8784027,12.5469481,"Via Casilina, Marranella, Pigneto, Municipio Roma V, Roma, Roma Capitale, Lazio, 00177, Italia",TROVATO
ESE,Aperto,WINNING SRL,AGA41,FR11C63,Via Curiel 30,Pesaro,61121,PU,Marche,AGA41 - PESARO,"Via Curiel 30, 61121 Pesaro, PU, Marche, Italia",43.9071153,12.9106655,"Via Eugenio Curiel, Centro storico, Pantano, Pesaro, Pesaro e Urbino, Marche, 61121, Italia",TROVATO
FLAGSHIP,Aperto,ENI PLENITUDE-ASSIST,AGD12,,Via Cola di Rienzo 159-161,Roma,00192,RM,Lazio,AGD12 - FLAGSHIP_ROMA_IBRIDO,"Via Cola di Rienzo 159-161, 00192 Roma, RM, Lazio, Italia",41.908044,12.4654981,"Via Cola di Rienzo, Prati, Municipio Roma I, Roma, Roma Capitale, Lazio, 00192, Italia",TROVATO
WINDOWS,Aperto,ALTO LAZIO GAS SRL,AG310,,Corso Federico II nr. 39,l'Aquila,67100,AQ,Abruzzo,AG310-W-AQUILA,"Corso Federico II nr. 39, 67100 l'Aquila, AQ, Abruzzo, Italia",42.3468233,13.3979016,"Corso Federico Secondo, Quarto di San Giorgio, Sant'Elia, Poggio di Roio, L'Aquila, Abruzzo, 67100, Italia",TROVATO
WINDOWS,Aperto,ENERGIA GIUSTA S.r.l. UNIPERSONALE,AG707,FR12D06,Via Curzio Rufo 3,ROMA,00174,RM,LAZIO,AG707-W-ROMA TUSCOLANA,"Via Curzio Rufo 3, 00174 ROMA, RM, LAZIO, Italia",41.8573547,12.5606111,"Caffé espresso a cialde, 3, Via Curzio Rufo, Cecafumo, Appio Claudio, Municipio Roma VII, Roma, Roma Capitale, Lazio, 00174, Italia",TROVATO
ESE,Aperto,SMART LINE SERVICE SRL,AG127,FR20D22,Via S. Farina 8,Cagliari,09127,CA,Sardegna,AG127 - CAGLIARI,"Via S. Farina 8, 09127 Cagliari, CA, Sardegna, Italia",39.2171994,9.113311,"Casteddu/Cagliari, Sardigna/Sardegna, Italia",TROVATO_COMUNE
ESE,Aperto,G.R. SERVIZI SRL,AG307,FR01D29,Via Savio 23,Savigliano,12038,CN,Piemonte,AG307 - SAVIGLIANO,"Via Savio 23, 12038 Savigliano, CN, Piemonte, Italia",44.6475318,7.6523997,"Via Fedele Savio, Savigliano, Cuneo, Piemonte, 12038, Italia",TROVATO
ESE,Aperto,G.R. SERVIZI SRL,AG307,FR01D30,Via Giovanni Battista Beccaria 2D,Mondovì,12084,CN,Piemonte,AG307 - MONDOVI,"Via Giovanni Battista Beccaria 2D, 12084 Mondovì, CN, Piemonte, Italia",44.3904796,7.8219199,"2d, Via Giovanni Battista Beccaria, Breo, Mondovì, Cuneo, Piemonte, 12084, Italia",TROVATO
WINDOWS,Aperto,GREENTECH INNOVATIONS,AGA50,,"Via Amerigo Vespucci, 23",Cattolica,00123,RN,Emilia Romagna,AGA50-W-CATTOLICA,"Via Amerigo Vespucci, 23, 00123 Cattolica, RN, Emilia Romagna, Italia",43.9607136,12.7192897,"23, Via Amerigo Vespucci, Montalbano, San Giovanni in Marignano, Rimini, Emilia-Romagna, 47842, Italia",TROVATO
WINDOWS,Aperto,G.R. SERVIZI SRL,AG307,FR01D23,Corso Massimo D’Azeglio 36,Ivrea,10015,TO,Piemonte,AG307-W-IVREA,"Corso Massimo D’Azeglio 36, 10015 Ivrea, TO, Piemonte, Italia",45.4676811,7.8837304,"36, Corso Massimo d'Azeglio, San Lorenzo, Ivrea, Torino, Piemonte, 10015, Italia",TROVATO
ESE,Aperto,ENERGIA ITALIA SPA,AG267,FR19D35,Via Giacomo Leopardi 8-10,Catania,95127,CT,Sicilia,AG267 - CATANIA,"Via Giacomo Leopardi 8-10, 95127 Catania, CT, Sicilia, Italia",37.5185329,15.0998772,"Via Giacomo Leopardi, Guardia, Picanello, Picanello-Ognina-Barriera-Canalicchio, Catania, Sicilia, 95127, Italia",TROVATO
WINDOWS,Aperto,ENERGIA GIUSTA S.r.l. UNIPERSONALE,AG707,,"Via Sant'Antonio Abate, 4",Busto Arsizio,21052,VA,Lombardia,AG707-W-BUSTO ARSIZIO,"Via Sant'Antonio Abate, 4, 21052 Busto Arsizio, VA, Lombardia, Italia",45.611932,8.8518269,"Busto Arsizio, Varese, Lombardia, 21052, Italia",TROVATO_COMUNE
WINDOWS,Aperto,ENERGIA GIUSTA S.r.l. UNIPERSONALE,AG707,,"Via Alessandro Manzoni, 10",Pianezza,10044,TO,Piemonte,AG707-W-PIANEZZA,"Via Alessandro Manzoni, 10, 10044 Pianezza, TO, Piemonte, Italia",45.1016796,7.5487273,"Via Alessandro Manzoni, Pianezza, Torino, Piemonte, 10044, Italia",TROVATO
WINDOWS,Aperto,ENERGIA GIUSTA S.r.l. UNIPERSONALE,AG707,FR12A66,Via dei caduti della resistenza 699,Roma,00128,RM,LAZIO,AG707 - ROMA SPINACETO,"Via dei caduti della resistenza 699, 00128 Roma, RM, LAZIO, Italia",41.8933203,12.4829321,"Roma, Roma Capitale, Lazio, Italia",TROVATO_COMUNE
WINDOWS,Aperto,MCF SRL,AG164,FR14B61,"Via Maurizio De Vito Piscicelli, 104",Napoli,80128,,Campania,,"Via Maurizio De Vito Piscicelli, 104, 80128 Napoli, , Campania, Italia",40.8519825,14.2285116,"Via Maurizio De Vito Piscicelli, Rione Antignano, Arenella, Municipalità 5, Napoli, Campania, 80128, Italia",TROVATO
ESE,Aperto,INSIEME S.P.A.,AG194,FR09D36,Via Grande 6,Livorno,57123,LI,Toscana,AG194 - LIVORNO,"Via Grande 6, 57123 Livorno, LI, Toscana, Italia",43.551837,10.3120573,"6, Via Grande, Consiglio di Zona 2, Livorno, Toscana, 57123, Italia",TROVATO
ESE,Aperto,ENERGIA GIUSTA S.r.l. UNIPERSONALE,AG707,FR06D46,Via Cosattini n. 11,UDINE,33100,UD,Friuli Venezia Giulia,AG707 - UDINE,"Via Cosattini n. 11, 33100 UDINE, UD, Friuli Venezia Giulia, Italia",46.0655776,13.231562,"Via Giovanni Cosattini, Borgo Poscolle, Cormôr Alto / Cormôr Alt, Udine / Udin, Udine / Udin / Videm, Friuli-Venezia Giulia, 33100, Italia",TROVATO
WINDOWS,Aperto,ENERGIA GIUSTA S.r.l. UNIPERSONALE,AG707,FR01D41,"Piazza Cavour, 36",Saluzzo,12037,CN,Piemonte,AG707-W-SALUZZO,"Piazza Cavour, 36, 12037 Saluzzo, CN, Piemonte, Italia",44.646168,7.4922466,"Piazza Cavour, Saluzzo, Cuneo, Piemonte, 12037, Italia",TROVATO
